-- =============================================
-- Reference data
-- =============================================

insert into contact(contact_id, contact_type_code, title, last_name, first_name, middle_name, date_of_birth, estimated_is_over_eighteen, place_of_birth, gender, marital_status, language_code, comments, created_by, active, deceased_flag, deceased_date)
values (1, 'SOCIAL',   'MR',   'Last',   'Jack',       'Middle', '2000-11-21', null, 'London', 'Male',   'SINGLE', 'ENG', 'Comment', 'TIM', true, false, null),
       (2, 'SOCIAL',   'MISS', 'Last',   'Jacqueline', 'Middle', '2000-11-22', null, 'London', 'Female', 'SINGLE', 'ENG', 'Comment', 'TIM', true, false, null),
       (3, 'OFFICIAL', 'MRS', 'Last',    'Jane',       'Middle', '2000-11-23', null, 'London', 'Male',   'SINGLE', 'ENG', 'Comment', 'TIM', true, false, null),
       (4, 'SOCIAL',   'MR',   'Four',   'John',       'Middle', '2000-05-18', null, 'London', 'Male',   'SINGLE', 'ENG', 'Comment', 'TIM', true, false, null),
       (5, 'SOCIAL',   'MR',   'Five',   'Jon',        'Middle', '2000-09-21', null, 'London', 'Male',   'SINGLE', 'ENG', 'Comment', 'TIM', true, false, null),
       (6, 'SOCIAL',   'MR',   'Six',    'Johnny',     'Middle', '2000-10-23', null, 'London', 'Male',   'SINGLE', 'ENG', 'Comment', 'TIM', true, false, null),
       (7, 'SOCIAL',   'MR',   'Seven',  'Pete',       'Middle', '2015-08-29', null, 'London', 'Male',   'SINGLE', 'ENG', 'Comment', 'TIM', true, false, null),
       (8, 'SOCIAL',   'MR',   'Eight',  'Harry',      'Middle', '2015-12-23', null, 'London', 'Male',   'SINGLE', 'ENG', 'Comment', 'TIM', true, false, null),
       (9, 'SOCIAL',   'MR',   'Nine',   'Donald',     'Middle', '2000-11-23', null, 'London', 'Male',   'SINGLE', 'ENG', 'Comment', 'TIM', true, false, null),
       (10, 'SOCIAL',  'MS',   'Ten',    'Freya',      'Middle', '2000-11-24', null, 'London', 'Female', 'SINGLE', 'ENG', 'Comment', 'TIM', true, false, null),
       (11, 'SOCIAL',  'MS',   'Eleven', 'Suki',       'Middle', '2000-11-25', null, 'London', 'Female', 'SINGLE', 'ENG', 'Comment', 'TIM', false, false, null),
       (12, 'SOCIAL',  'MRS',  'Twelve', 'Jane',       'Middle', '2000-11-26', null, 'London', 'Female', 'SINGLE', 'ENG', 'Comment', 'TIM', false, false, null),
       (13, 'SOCIAL',  'MRS',  'Thirteen', 'Mark',     'Middle', null, 'YES', 'London', 'Female', 'SINGLE', 'ENG', 'Comment', 'TIM', false, false, null),
       (14, 'SOCIAL',  'MRS',  'Fourteen', 'Phil',     'Middle', null, 'NO', 'London', 'Female', 'SINGLE', 'ENG', 'Comment', 'TIM', false, false, null),
       (15, 'SOCIAL',  'MRS',  'Fifteen', 'Carl',      'Middle', '2000-11-26', 'DO_NOT_KNOW', 'London', 'Female', 'SINGLE', 'ENG', 'Comment', 'TIM', false, false, '2024-01-26'),
       (16, 'SOCIAL',  'MRS',  'NoAddress', 'Liam',    'Middle', null, 'YES', 'London', 'Female', 'SINGLE', 'ENG', 'Comment', 'TIM', false, false, null),
       (17, 'SOCIAL',  'MRS',  'NoAddress', 'Hannah',  'Middle', null, 'YES', 'London', 'Female', 'SINGLE', 'ENG', 'Comment', 'TIM', false, false, null),
       (18, 'SOCIAL',  null,   'Minimal', 'Address',    null, null, null, null, null, null, null, null, 'TIM', true, false, null),
       (19, 'SOCIAL',  null,   'Dead', 'Currently',     null, '1980-01-01', null, null, null, null, null, null, 'TIM', true, true, '2000-01-01');

insert into contact_identity(contact_identity_id, contact_id, identity_type, identity_value, created_by)
values (1, 1, 'DRIVING_LIC', 'LAST-87736799M', 'TIM'),
       (2, 2, 'PASSPORT', 'PP87878787878', 'TIM'),
       (3, 3, 'NI_NUMBER', 'NI989989AA', 'TIM');

insert into contact_restriction(contact_id, restriction_type, start_date, expiry_date, comments, created_by)
values (1, 'DRIVING', '2000-11-21','2000-11-21','N/A', 'TIM'),
       (2, 'PUBLIC', '2000-11-21','2005-11-21','N/A', 'TIM'),
       (3, 'MOBILITY', '2000-11-21','2000-11-21','N/A', 'TIM');

insert into contact_address(contact_address_id, contact_id, address_type, primary_address, flat, property, street, area, city_code, county_code, post_code, country_code, created_by)
values (1,  1,  'HOME', true, null, '24','Acacia Avenue', 'Bunting', '25343', 'S.YORKSHIRE', 'S2 3LK', 'ENG', 'TIM'),
       (2,  2,  'HOME', true, null, '24','Acacia Avenue', 'Bunting', '25343', 'S.YORKSHIRE', 'S2 3LK', 'ENG', 'TIM'),
       (3,  3,  'HOME', true, null, '24','Acacia Avenue', 'Bunting', '25343', 'S.YORKSHIRE', 'S2 3LK', 'ENG', 'TIM'),
       (4,  4,  'HOME', true, null, '26','Acacia Avenue', 'Bunting', '25343', 'S.YORKSHIRE', 'S2 3LK', 'ENG', 'TIM'),
       (5,  5,  'HOME', true, null, '28','Acacia Avenue', 'Bunting', '25343', 'S.YORKSHIRE', 'S2 3LK', 'ENG', 'TIM'),
       (6,  6,  'HOME', true, null, '30','Acacia Avenue', 'Bunting', '25343', 'S.YORKSHIRE', 'S2 3LK', 'ENG', 'TIM'),
       (7,  7,  'HOME', true, null, '32','Acacia Avenue', 'Bunting', '25343', 'S.YORKSHIRE', 'S2 3LK', 'ENG', 'TIM'),
       (8,  8,  'HOME', true, null, '34','Acacia Avenue', 'Bunting', '25343', 'S.YORKSHIRE', 'S2 3LK', 'ENG', 'TIM'),
       (9,  9,  'HOME', true, null, '36','Acacia Avenue', 'Bunting', '25343', 'S.YORKSHIRE', 'S2 3LK', 'ENG', 'TIM'),
       (10, 10, 'HOME', true, null, '38','Acacia Avenue', 'Bunting', '25343', 'S.YORKSHIRE', 'S2 3LK', 'ENG', 'TIM'),
       (11, 11, 'HOME', true, null, '40','Acacia Avenue', 'Bunting', '25343', 'S.YORKSHIRE', 'S2 3LK', 'ENG', 'TIM'),
       (12, 12, 'HOME', true, 'Flat 3b', '42','Acacia Avenue', 'Bunting', '25343', 'S.YORKSHIRE', 'S2 3LK', 'ENG', 'TIM'),
       (13, 13, 'HOME', true, 'Flat 35b', '42','Acacia Avenue', 'Bunting', '25343', 'S.YORKSHIRE', 'S2 3LK', 'ENG', 'TIM'),
       (14, 14, 'HOME', true, 'Flat 3', '42','Acacia Avenue', 'Bunting', '25343', 'S.YORKSHIRE', 'S2 3LK', 'ENG', 'TIM'),
       (15, 15, 'HOME', true, 'Flat 32', '42','Acacia Avenue', 'Bunting', '25343', 'S.YORKSHIRE', 'S2 3LK', 'ENG', 'TIM'),
       (16, 18, 'HOME', true, null, null,null, null, null, null, null, null, 'TIM');


insert into contact_phone(contact_phone_id, contact_id, phone_type, phone_number, primary_phone, created_by)
values (1, 1, 'MOBILE', '07878 111111', true, 'TIM'),
       (2, 2, 'MOBILE', '07878 222222', true, 'TIM'),
       (3, 3, 'MOBILE', '07878 222222', false, 'TIM'),
       (4, 4, 'MOBILE', '07878 222222', true, 'TIM'),
       (5, 5, 'MOBILE', '07878 222222', true, 'TIM'),
       (6, 6, 'HOME', '07878 222222', true, 'TIM'),
       (7, 7, 'HOME', '07878 222222', true, 'TIM'),
       (8, 8, 'MOBILE', '07878 222222', true, 'TIM'),
       (9, 9, 'WORK', '07878 222222', true, 'TIM'),
       (10, 10, 'MOBILE', '07878 222222', true, 'TIM'),
       (11, 11, 'MOBILE', '07878 222222', true, 'TIM');

insert into contact_email(contact_email_id, contact_id, email_type, email_address, primary_email, created_by)
values (1, 1, 'PERSONAL', 'mr.last@hotmail.com', true, 'TIM'),
       (2, 2, 'PERSONAL', 'miss.last@hotmail.com', true,  'TIM'),
       (3, 3, 'PERSONAL', 'mrs.last@hotmail.com', false, 'TIM');

insert into reference_codes(reference_code_id, group_code, code, description, created_by)
values (1, 'CONTACT_TYPE', 'SOCIAL', 'Social contact', 'TIM'),
       (2, 'CONTACT_TYPE', 'OFFICIAL', 'Official contact', 'TIM'),
       (3, 'MARITAL_STS', 'MARRIED', 'Married', 'TIM'),
       (4, 'MARITAL_STS', 'SINGLE', 'Single', 'TIM'),
       (5, 'MARITAL_STS', 'COHABIT', 'Cohabiting', 'TIM'),
       (6, 'MARITAL_STS', 'CIVIL', 'Civil partnership', 'TIM'),
       (7, 'LANGUAGE', 'FR', 'French', 'TIM'),
       (8, 'LANGUAGE', 'EN', 'English', 'TIM'),
       (9, 'LANGUAGE', 'FAR', 'Farsi', 'TIM'),
       (10, 'NATIONALITY', 'GB', 'British', 'TIM'),
       (11, 'NATIONALITY', 'FRENCH', 'French', 'TIM'),
       (12, 'NATIONALITY', 'CHIN', 'Chinese', 'TIM'),
       (13, 'NATIONALITY', 'RUS', 'Russian', 'TIM'),
       (14, 'ID_TYPE', 'DRIVING_LIC', 'Driving licence', 'TIM'),
       (15, 'ID_TYPE', 'PASSPORT', 'Passport number', 'TIM'),
       (16, 'ID_TYPE', 'NI_NUMBER', 'National insurance number', 'TIM'),
       (17, 'ADDRESS_TYPE', 'HOME', 'Home address', 'TIM'),
       (18, 'ADDRESS_TYPE', 'WORK', 'Work address', 'TIM'),
       (19, 'ADDRESS_TYPE', 'TEMP', 'Temporary address', 'TIM'),
       (20, 'ADDRESS_TYPE', 'NONE', 'No fixed address', 'TIM'),
       (24, 'EMAIL_TYPE', 'WORK', 'Work email', 'TIM'),
       (25, 'EMAIL_TYPE', 'PERSONAL', 'Personal email', 'TIM'),
       (26, 'PHONE_TYPE', 'WORK', 'Work phone', 'TIM'),
       (27, 'PHONE_TYPE', 'HOME', 'Home phone', 'TIM'),
       (28, 'PHONE_TYPE', 'MOBILE', 'Mobile phone', 'TIM'),
       (29, 'RESTRICTION', 'CHILDREN', 'No children', 'TIM'),
       (30, 'RESTRICTION', 'ESCORTED', 'Must be escorted', 'TIM'),
       (31, 'RELATIONSHIP', 'AUNT',	'Aunt', 'JAMES'),
       (32, 'RELATIONSHIP', 'BOF',	'Boyfriend', 'JAMES'),
       (33, 'RELATIONSHIP', 'BRO',	'Brother', 'JAMES'),
       (34, 'RELATIONSHIP', 'CLH',	'Common Law Husband', 'JAMES'),
       (35, 'RELATIONSHIP', 'CLW',	'Common Law Wife', 'JAMES'),
       (36, 'RELATIONSHIP', 'COU',	'Cousin', 'JAMES'),
       (37, 'RELATIONSHIP', 'DAU',	'Daughter', 'JAMES'),
       (38, 'RELATIONSHIP', 'FA',	'Father', 'JAMES'),
       (39, 'RELATIONSHIP', 'FOP',	'Foster Parent', 'JAMES'),
       (40, 'RELATIONSHIP', 'FRI',	'Friend', 'JAMES'),
       (41, 'RELATIONSHIP', 'GIF',	'Girlfriend', 'JAMES'),
       (42, 'RELATIONSHIP', 'GDAU',	'Granddaughter', 'JAMES'),
       (43, 'RELATIONSHIP', 'GFA',	'Grandfather', 'JAMES'),
       (44, 'RELATIONSHIP', 'GMOT',	'Grandmother', 'JAMES'),
       (45, 'RELATIONSHIP', 'GSON',	'Grandson', 'JAMES'),
       (46, 'RELATIONSHIP', 'GUA',	'Guardian', 'JAMES'),
       (47, 'RELATIONSHIP', 'HBRO',	'Half Brother', 'JAMES'),
       (48, 'RELATIONSHIP', 'HSIS',	'Half Sister', 'JAMES'),
       (49, 'RELATIONSHIP', 'HUS',	'Husband', 'JAMES'),
       (50, 'RELATIONSHIP', 'ILP',	'In Loco Parentes', 'JAMES'),
       (51, 'RELATIONSHIP', 'MOT',	'Mother', 'JAMES'),
       (52, 'RELATIONSHIP', 'NEP',	'Nephew', 'JAMES'),
       (53, 'RELATIONSHIP', 'NIE',	'Niece', 'JAMES'),
       (54, 'RELATIONSHIP', 'NONE',	'None', 'JAMES'),
       (55, 'RELATIONSHIP', 'OTHER',	'Other - Social', 'JAMES'),
       (56, 'RELATIONSHIP', 'PART',	'Partner', 'JAMES'),
       (57, 'RELATIONSHIP', 'SIS',	'Sister', 'JAMES'),
       (58, 'RELATIONSHIP', 'SON',	'Son', 'JAMES'),
       (59, 'RELATIONSHIP', 'SBRO',	'Stepbrother', 'JAMES'),
       (60, 'RELATIONSHIP', 'SDAU',	'Stepdaughter', 'JAMES'),
       (61, 'RELATIONSHIP', 'SFA',	'Stepfather', 'JAMES'),
       (62, 'RELATIONSHIP', 'SMOT',	'Stepmother', 'JAMES'),
       (63, 'RELATIONSHIP', 'SSIS',	'Stepsister', 'JAMES'),
       (64, 'RELATIONSHIP', 'SSON',	'Stepson', 'JAMES'),
       (65, 'RELATIONSHIP', 'UN',	'Uncle', 'JAMES'),
       (66, 'RELATIONSHIP', 'WIFE',	'Wife', 'JAMES'),
        (67, 'TITLE','MR', 'Mr', 'JAMES'),
        (68, 'TITLE','MRS', 'Mrs', 'JAMES'),
        (69, 'TITLE','MISS', 'Miss', 'JAMES'),
        (70, 'TITLE','MS', 'Ms', 'JAMES'),
        (71, 'TITLE','REV', 'Reverend', 'JAMES'),
        (72, 'TITLE','FR', 'Father', 'JAMES'),
        (73, 'TITLE','RABBI', 'Rabbi', 'JAMES'),
        (74, 'TITLE','IMAM', 'Imam', 'JAMES'),
        (75, 'TITLE','BR', 'Brother', 'JAMES'),
        (76, 'TITLE','SR', 'Sister', 'JAMES'),
        (77, 'TITLE','SIR', 'Sir', 'JAMES'),
        (78, 'TITLE','LORD', 'Lord', 'JAMES'),
        (79, 'TITLE','LADY', 'Lady', 'JAMES'),
        (80, 'TITLE','DR', 'Dr', 'JAMES'),
        (81, 'TITLE','DAME', 'Dame', 'JAMES')
;

insert into prisoner_contact (prisoner_contact_id, contact_id, prisoner_number, active, relationship_type, comments, created_at_prison, created_by, created_time)
values (1, 1, 'A1234BB', true, 'FA', 'Comment', 'MDI', 'TIM', current_timestamp),
       -- Jason Mitchell
       (2,  1,  'A8185DY', true, 'FA', 'Comment', 'MDI', 'TIM', current_timestamp),
       (3,  6,  'A8185DY', true, 'FRI', 'Comment', 'MDI', 'TIM', current_timestamp),
       (4,  7,  'A8185DY', true, 'FRI', 'Comment', 'MDI', 'TIM', current_timestamp),
       (5,  8,  'A8185DY', true, 'FRI', 'Comment', 'MDI', 'TIM', current_timestamp),
       (6,  10, 'A8185DY', true, 'FRI', 'Comment', 'MDI', 'TIM', current_timestamp),
       (7,  11, 'A8185DY', true, 'FRI', 'Comment', 'MDI', 'TIM', current_timestamp),
       -- Tim Harrison
       (8,  1,  'G4793VF', true,  'FA', 'Comment', 'MDI', 'TIM', current_timestamp),
       (9,  2,  'G4793VF', true,  'MOT', 'Comment', 'MDI', 'TIM', current_timestamp),
       (10, 3,  'G4793VF', true,  'SIS', 'Comment', 'MDI', 'TIM', current_timestamp),
       (11, 4,  'G4793VF', true,  'BRO', 'Comment', 'MDI', 'TIM', current_timestamp),
       (12, 5,  'G4793VF', true,  'FRI', 'Comment', 'MDI', 'TIM', current_timestamp),
       (13, 6,  'G4793VF', true,  'FRI', 'Comment', 'MDI', 'TIM', current_timestamp),
       (14, 7,  'G4793VF', true,  'FRI', 'Comment', 'MDI', 'TIM', current_timestamp),
       (15, 8,  'G4793VF', true,  'UN', 'Comment', 'MDI', 'TIM', current_timestamp),
       (16, 9,  'G4793VF', true,  'UN', 'Comment', 'MDI', 'TIM', current_timestamp),
       (17, 10, 'G4793VF', true, 'GIF', 'Comment', 'MDI', 'TIM', current_timestamp),
       (18, 11, 'G4793VF', false, 'GIF', 'Comment', 'MDI', 'TIM', current_timestamp),
       (19, 12, 'G4793VF', false, 'GIF', 'Comment', 'MDI', 'TIM', current_timestamp),
       -- Tim Cooks
       (20, 1, 'A4162DZ', true, 'FA', 'Comment', 'MDI', 'TIM', current_timestamp),
       (21, 2, 'A4162DZ', true, 'FRI', 'Comment', 'MDI', 'TIM', current_timestamp),
       (22, 3, 'A4162DZ', true, 'FRI', 'Comment', 'MDI', 'TIM', current_timestamp),
       (23, 4, 'A4162DZ', true, 'FRI', 'Comment', 'MDI', 'TIM', current_timestamp),
       (24, 5, 'A4162DZ', true, 'FRI', 'Comment', 'MDI', 'TIM', current_timestamp),
       (25, 10, 'A4162DZ', true, 'MOT', 'Comment', 'MDI', 'TIM', current_timestamp),
       -- Justin Timberlake
       (26, 1, 'A5166DY', true, 'FA', 'Comment', 'MDI', 'TIM', current_timestamp),
       -- Mike Toby
       (27, 1, 'A4385DZ', true, 'FA', 'Comment', 'MDI', 'TIM', current_timestamp),
       (28, 10, 'A4385DZ', true, 'MOT', 'Comment', 'MDI', 'TIM', current_timestamp),
       (29, 18, 'A4385DZ', true, 'FRI', null, 'MDI', 'TIM', current_timestamp);

Insert into nationality_reference (nationality_id, nomis_code, nomis_description, iso_numeric, iso_alpha2, iso_alpha3, iso_nationality_desc, display_sequence)
values
        (1, 'AFGA', 'Afghan', 4, 'AF', 'AFG', 'Afghani', 99),
        (2, 'ALBA', 'Albanian', 8, 'AL', 'ALB', 'Albanian', 99),
        (3, 'ALGE', 'Algerian', 12, 'DZ', 'DZA', 'Algerian', 99),
        (4, 'AMER', 'American', 840, 'US', 'USA', 'American', 99),
        (5, 'ANDO', 'Andorran', 20, 'AD', 'AND', 'Andorran', 99),
        (6, 'ANGOL', 'Angolan', 24, 'AO', 'AGO', 'Angolan', 99),
        (7, 'AG', 'Anguillan', 660, 'AI', 'AIA', 'Anguillan', 99),
        (8, 'ANTIG', 'Antiguan, Barbudan', 28, 'AG', 'ATG', 'Antiguan', 99),
        (9, 'ARGEN', 'Argentine', 32, 'AR', 'ARG', 'Argentine', 99),
        (10, 'ARME', 'Armenian', 51, 'AM', 'ARM', 'Armenian', 99),
        (11, 'AB', 'Aruban', 533, 'AW', 'ABW', 'Arubian', 99),
        (12, 'AUSI', 'Australian', 36, 'AU', 'AUS', 'Australian', 99),
        (13, 'AUST', 'Austrian', 40, 'AT', 'AUT', 'Austrian', 99),
        (14, 'AZERB', 'Azerbaijani', 31, 'AZ', 'AZE', 'Azerbaijani', 99),
        (15, 'BAHR', 'Bahraini', 48, 'BH', 'BHR', 'Bahrainian', 99),
        (16, 'BANGL', 'Bangladeshi', 50, 'BD', 'BGD', 'Bangladeshi', 99),
        (17, 'BARB', 'Barbadian or Bajuns', 52, 'BB', 'BRB', 'Barbadian', 99),
        (18, 'BELA', 'Belarusian', 112, 'BY', 'BLR', 'Belarusian', 99),
        (19, 'BELG', 'Belgian', 56, 'BE', 'BEL', 'Belgian', 99),
        (20, 'BELI', 'Belizean', 84, 'BZ', 'BLZ', 'Belizean', 99),
        (21, 'BENI', 'Beninese', 204, 'BJ', 'BEN', 'Beninese', 99),
        (22, 'BM', 'Bermudian', 60, 'BM', 'BMU', 'Bermudan', 99),
        (23, 'BHUT', 'Bhutanese', 64, 'BT', 'BTN', 'Bhutanese', 99),
        (24, 'BOLI', 'Bolivian', 68, 'BO', 'BOL', 'Bolivian', 99),
        (25, 'BOSNI', 'Bosnian, Herzegovinian', 70, 'BA', 'BIH', 'Bosnian', 99),
        (26, 'BRAZ', 'Brazilian', 76, 'BR', 'BRA', 'Brazilian', 99),
        (27, 'BRIT', 'British', 826, 'GB', 'GBR', 'British', 1),
        (28, 'BRUN', 'Bruneian', 96, 'BN', 'BRN', 'Bruneian', 99),
        (29, 'BULG', 'Bulgarian', 100, 'BG', 'BGR', 'Bulgarian', 99),
        (30, 'HV', 'Burkinabe', 854, 'BF', 'BFA', 'Burkinabe', 99),
        (31, 'BURU', 'Burundian', 108, 'BI', 'BDI', 'Burundian', 99),
        (32, 'CAMB', 'Cambodian', 116, 'KH', 'KHM', 'Cambodian', 99),
        (33, 'CAMER', 'Cameroonian', 120, 'CM', 'CMR', 'Cameroonian', 99),
        (34, 'CANA', 'Canadian', 124, 'CA', 'CAN', 'Canadian', 99),
        (35, 'CAVER', 'Cape Verdian', 132, 'CV', 'CPV', 'Cape Verdean', 99),
        (36, 'KY', 'Caymanian', 136, 'KY', 'CYM', 'Caymanian', 99),
        (37, 'CF', 'Central African', 140, 'CF', 'CAF', 'Central African', 99),
        (38, 'CHAD', 'Chadian', 148, 'TD', 'TCD', 'Chadian', 99),
        (39, 'CHIL', 'Chilean', 152, 'CL', 'CHL', 'Chilean', 99),
        (40, 'CHINA', 'Chinese', 156, 'CN', 'CHN', 'Chinese', 99),
        (41, 'CXR', 'Christmas Island', 162, 'CX', 'CXR', 'Christmas Islander', 99),
        (42, 'COLO', 'Colombian', 170, 'CO', 'COL', 'Colombian', 99),
        (43, 'COMO', 'Comoran', 174, 'KM', 'COM', 'Comoran', 99),
        (44, 'CONG', 'Congolese', 178, 'CG', 'COG', 'Congolese', 99),
        (45, 'COND', 'Congolese (Congo, Democratic Republic)', 180, 'CD', 'COD', 'Congolese', 99),
        (46, 'COK', 'Cook Islander', 184, 'CK', 'COK', 'Cook Islander', 99),
        (47, 'COSRI', 'Costa Rican', 188, 'CR', 'CRI', 'Costa Rican', 99),
        (48, 'CROAT', 'Croat', 191, 'HR', 'HRV', 'Croatian', 99),
        (49, 'CUBA', 'Cuban', 192, 'CU', 'CUB', 'Cuban', 99),
        (50, 'CYPR', 'Cypriot', 196, 'CY', 'CYP', 'Cypriot', 99),
        (51, 'CZEC', 'Czech', 203, 'CZ', 'CZE', 'Czech', 99),
        (52, 'DANE', 'Danish', 208, 'DK', 'DNK', 'Danish', 99),
        (53, 'DJIB', 'Djibouti', 262, 'DJ', 'DJI', 'Djiboutian', 99),
        (54, 'DOMI', 'Dominican', 214, 'DO', 'DOM', 'Dominican', 99),
        (55, 'DUTCH', 'Dutch', 528, 'NL', 'NLD', 'Dutch', 99),
        (56, 'ECUA', 'Ecuadorian', 218, 'EC', 'ECU', 'Ecuadorean', 99),
        (57, 'EGYP', 'Egyptian', 818, 'EG', 'EGY', 'Egyptian', 99),
        (58, 'EMIR', 'Emirian', 784, 'AE', 'ARE', 'Emirian', 99),
        (59, 'EQUATO', 'Equatoguinean', 226, 'GQ', 'GNQ', 'Equatorial Guinean', 99),
        (60, 'ERI', 'Eritrean', 232, 'ER', 'ERI', 'Eritrean', 99),
        (61, 'ESTO', 'Estonian', 233, 'EE', 'EST', 'Estonian', 99),
        (62, 'ETHI', 'Ethiopian', 231, 'ET', 'ETH', 'Ethiopian', 99),
        (63, 'FO', 'Faroese', 234, 'FO', 'FRO', 'Faroese', 99),
        (64, 'FIJI', 'Fijian', 242, 'FJ', 'FJI', 'Fijian', 99),
        (65, 'FILIP', 'Filipino', 608, 'PH', 'PHL', 'Filipino', 99),
        (66, 'FINN', 'Finnish', 246, 'FI', 'FIN', 'Finnish', 99),
        (67, 'FREN', 'French', 250, 'FR', 'FRA', 'French', 99),
        (68, 'FG', 'French Guyanese', 254, 'GF', 'GUF', 'French Guianese', 99),
        (69, 'PYF', 'French Polynesian', 258, 'PF', 'PYF', 'French Polynesian', 99),
        (70, 'GABO', 'Gabonese', 266, 'GA', 'GAB', 'Gabonese', 99),
        (71, 'GAMB', 'Gambian', 270, 'GM', 'GMB', 'Gambian', 99),
        (72, 'GE', 'Georgian', 268, 'GE', 'GEO', 'Georgian', 99),
        (73, 'GERM', 'German', 276, 'DE', 'DEU', 'German', 99),
        (74, 'GHAN', 'Ghanaian', 288, 'GH', 'GHA', 'Ghanaian', 99),
        (75, 'GI', 'Gibraltar', 292, 'GI', 'GIB', 'Gibraltarian', 99),
        (76, 'GREE', 'Greek', 300, 'GR', 'GRC', 'Greek', 99),
        (77, 'GL', 'Greenlandic', 304, 'GL', 'GRL', 'Greenlander', 99),
        (78, 'GREN', 'Grenadian', 308, 'GD', 'GRD', 'Grenadian', 99),
        (79, 'GLP', 'Guadeloupe', 312, 'GP', 'GLP', 'Guadeloupean', 99),
        (80, 'GU', 'Guamanian', 316, 'GU', 'GUM', 'Guamanian', 99),
        (81, 'GUAT', 'Guatemalan', 320, 'GT', 'GTM', 'Guatemalan', 99),
        (82, 'GUIN', 'Guinean', 324, 'GN', 'GIN', 'Guinean', 99),
        (83, 'GUYA', 'Guyanese', 328, 'GY', 'GUY', 'Guyanese', 99),
        (84, 'HAIT', 'Haitian', 332, 'HT', 'HTI', 'Haitian', 99),
        (85, 'HOND', 'Honduran', 340, 'HN', 'HND', 'Honduran', 99),
        (86, 'HUNG', 'Hungarian', 348, 'HU', 'HUN', 'Hungarian', 99),
        (87, 'CT', 'I-Kiribati', 296, 'KI', 'KIR', 'I-Kiribati', 99),
        (88, 'ICE', 'Icelandic', 352, 'IS', 'ISL', 'Icelander', 99),
        (89, 'INDI', 'Indian', 356, 'IN', 'IND', 'Indian', 99),
        (90, 'INDO', 'Indonesian', 360, 'ID', 'IDN', 'Indonesian', 99),
        (91, 'IRAN', 'Iranian', 364, 'IR', 'IRN', 'Iranian', 99),
        (92, 'IRAQ', 'Iraqi', 368, 'IQ', 'IRQ', 'Iraqi', 99),
        (93, 'IRISH', 'Irish', 372, 'IE', 'IRL', 'Irish', 2),
        (94, 'ISRA', 'Israeli', 376, 'IL', 'ISR', 'Israeli', 99),
        (95, 'ITAL', 'Italian', 380, 'IT', 'ITA', 'Italian', 99),
        (96, 'IVOR', 'Ivorian', 384, 'CI', 'CIV', 'Ivorian', 99),
        (97, 'JAM', 'Jamaican', 388, 'JM', 'JAM', 'Jamaican', 99),
        (98, 'JAP', 'Japanese', 392, 'JP', 'JPN', 'Japanese', 99),
        (99, 'JORD', 'Jordanian', 400, 'JO', 'JOR', 'Jordanian', 99),
        (100, 'KAZA', 'Kazakhstani', 398, 'KZ', 'KAZ', 'Kazakhstani', 99),
        (101, 'KENY', 'Kenyan', 404, 'KE', 'KEN', 'Kenyan', 99),
        (102, 'SW', 'Kittitian or Nevisian', 659, 'KN', 'KNA', 'Kittian', 99),
        (103, 'KUWA', 'Kuwaiti', 414, 'KW', 'KWT', 'Kuwaiti', 99),
        (104, 'KN', 'Kyrgyzstani', 417, 'KG', 'KGZ', 'Kyrgyzstani', 99),
        (105, 'LA', 'Laotian', 418, 'LA', 'LAO', 'Laotian', 99),
        (106, 'LATV', 'Latvian', 428, 'LV', 'LVA', 'Latvian', 99),
        (107, 'LEBA', 'Lebanese', 422, 'LB', 'LBN', 'Lebanese', 99),
        (108, 'LIBE', 'Liberian', 430, 'LR', 'LBR', 'Liberian', 99),
        (109, 'LIBY', 'Libyan', 434, 'LY', 'LBY', 'Libyan', 99),
        (110, 'LIEC', 'Liechtensteiner', 438, 'LI', 'LIE', 'Liechtensteiner', 99),
        (111, 'LITHU', 'Lithuanian', 440, 'LT', 'LTU', 'Lithunian', 99),
        (112, 'LUX', 'Luxembourger', 442, 'LU', 'LUX', 'Luxembourger', 99),
        (113, 'MACE', 'Macedonian', 807, 'MK', 'MKD', 'Macedonian', 99),
        (114, 'MO', 'Mahoran', 175, 'YT', 'MYT', 'Mahoran', 99),
        (115, 'MG', 'Malagasy', 450, 'MG', 'MDG', 'Malagasy', 99),
        (116, 'MLAW', 'Malawian', 454, 'MW', 'MWI', 'Malawian', 99),
        (117, 'MALA', 'Malaysian', 458, 'MY', 'MYS', 'Malaysian', 99),
        (118, 'MALD', 'Maldivian', 462, 'MV', 'MDV', 'Maldivan', 99),
        (119, 'ML', 'Malian', 466, 'ML', 'MLI', 'Malian', 99),
        (120, 'MALT', 'Maltese', 470, 'MT', 'MLT', 'Maltese', 99),
        (121, 'MAR', 'Marshallese', 584, 'MH', 'MHL', 'Marshallese', 99),
        (122, 'MARI', 'Mauritanian', 478, 'MR', 'MRT', 'Mauritanian', 99),
        (123, 'MAUR', 'Mauritian', 480, 'MU', 'MUS', 'Mauritian', 99),
        (124, 'MEXI', 'Mexican', 484, 'MX', 'MEX', 'Mexican', 99),
        (125, 'MICR', 'Micronesian', 583, 'FM', 'FSM', 'Micronesian', 99),
        (126, 'MOLD', 'Moldovan', 498, 'MD', 'MDA', 'Moldovan', 99),
        (127, 'MONA', 'Monacan', 492, 'MC', 'MCO', 'Monacan', 99),
        (128, 'MONGO', 'Mongolian', 496, 'MN', 'MNG', 'Mongolian', 99),
        (129, 'MNE', 'Montenegrin', 499, 'ME', 'MNE', 'Montenegrin', 99),
        (130, 'MS', 'Montserratian', 500, 'MS', 'MSR', 'Montserratian', 99),
        (131, 'MORO', 'Moroccan', 504, 'MA', 'MAR', 'Moroccan', 99),
        (132, 'MOTS', 'Motswana', 72, 'BW', 'BWA', 'Motswana', 99),
        (133, 'MOZA', 'Mozambican', 508, 'MZ', 'MOZ', 'Mozambican', 99),
        (134, 'NAMI', 'Namibian', 516, 'NA', 'NAM', 'Namibian', 99),
        (135, 'NAUR', 'Nauruan', 520, 'NR', 'NRU', 'Nauruan', 99),
        (136, 'NEPA', 'Nepalese', 524, 'NP', 'NPL', 'Nepalese', 99),
        (137, 'NCL', 'New Caledonian', 540, 'NC', 'NCL', 'New Caledonian', 99),
        (138, 'NZEA', 'New Zealander', 554, 'NZ', 'NZL', 'New Zealander', 99),
        (139, 'VY', 'Ni-Vanuata', 548, 'VU', 'VUT', 'Ni-Vanuatu', 99),
        (140, 'NICA', 'Nicaraguan', 558, 'NI', 'NIC', 'Nicaraguan', 99),
        (141, 'NIGERIA', 'Nigerian', 566, 'NG', 'NGA', 'Nigerian', 99),
        (142, 'NIGER', 'Nigerien', 562, 'NE', 'NER', 'Nigerien', 99),
        (143, 'NIU', 'Niuean', 570, 'NU', 'NIU', 'Niuean', 99),
        (144, 'NFK', 'Norfolk Islander', 574, 'NF', 'NFK', 'Norfolk Islander', 99),
        (145, 'NKOR', 'North Korean', 408, 'KP', 'PRK', 'North Korean', 99),
        (146, 'NORW', 'Norwegian', 578, 'NO', 'NOR', 'Norwegian', 99),
        (147, 'OMAN', 'Omani', 512, 'OM', 'OMN', 'Omani', 99),
        (148, 'PAKN', 'Pakistani', 586, 'PK', 'PAK', 'Pakistani', 99),
        (149, 'PALA', 'Palauan', 585, 'PW', 'PLW', 'Palauan', 99),
        (150, 'PSE', 'Palestinian', 275, 'PS', 'PSE', 'Palestinian', 99),
        (151, 'PANA', 'Panamanian', 591, 'PA', 'PAN', 'Panamanian', 99),
        (152, 'PNGU', 'Papua New Guinean', 598, 'PG', 'PNG', 'Papua New Guinean', 99),
        (153, 'PARA', 'Paraguayan', 600, 'PY', 'PRY', 'Paraguayan', 99),
        (154, 'PERU', 'Peruvian', 604, 'PE', 'PER', 'Peruvian', 99),
        (155, 'PCN', 'Pitcairn Islander', 612, 'PN', 'PCN', 'Pitcairn Islander', 99),
        (156, 'POLE', 'Polish', 616, 'PL', 'POL', 'Polish', 99),
        (157, 'PORTU', 'Portuguese', 620, 'PT', 'PRT', 'Portuguese', 99),
        (158, 'PRI', 'Puerto Rican', 630, 'PR', 'PRI', 'Puerto Rican', 99),
        (159, 'QUAT', 'Qatari', 634, 'QA', 'QAT', 'Qatari', 99),
        (160, 'ROMA', 'Romanian', 642, 'RO', 'ROU', 'Romanian', 99),
        (161, 'RUSS', 'Russian', 643, 'RU', 'RUS', 'Russian', 99),
        (162, 'RWAN', 'Rwandan', 646, 'RW', 'RWA', 'Rwandan', 99),
        (163, 'SH', 'Saint Helenian', 654, 'SH', 'SHN', 'Saint Helenian', 99),
        (164, 'STLU', 'Saint Lucian', 662, 'LC', 'LCA', 'Saint Lucian', 99),
        (165, 'SALV', 'Salvadoran', 222, 'SV', 'SLV', 'Salvadorean', 99),
        (166, 'SAMO', 'Samoan', 16, 'AS', 'ASM', 'Samoan', 99),
        (167, 'SANM', 'San Marinese', 674, 'SM', 'SMR', 'Sanmarinese', 99),
        (168, 'SAARA', 'Saudi Arabian', 682, 'SA', 'SAU', 'Saudi Arabian', 99),
        (169, 'SENE', 'Senegalese', 686, 'SN', 'SEN', 'Senegalese', 99),
        (170, 'SRB', 'Serb', 688, 'RS', 'SRB', 'Serbian', 99),
        (171, 'SEYC', 'Seychellois', 690, 'SC', 'SYC', 'Seychellois', 99),
        (172, 'SILE', 'Sierra Leonean', 694, 'SL', 'SLE', 'Sierra Leonean', 99),
        (173, 'SING', 'Singaporean', 702, 'SG', 'SGP', 'Singaporean', 99),
        (174, 'SLOV', 'Slovak', 703, 'SK', 'SVK', 'Slovakian', 99),
        (175, 'SLENE', 'Slovene', 705, 'SI', 'SVN', 'Slovenian', 99),
        (176, 'SOLO', 'Solomon Islander', 90, 'SB', 'SLB', 'Solomon Islander', 99),
        (177, 'SOMA', 'Somalian', 706, 'SO', 'SOM', 'Somali', 99),
        (178, 'SOAFR', 'South African', 710, 'ZA', 'ZAF', 'South African', 99),
        (179, 'SKOR', 'South Korean', 410, 'KR', 'KOR', 'South Korean', 99),
        (180, 'SPAN', 'Spaniard', 724, 'ES', 'ESP', 'Spanish', 99),
        (181, 'SRIL', 'Sri Lankan', 144, 'LK', 'LKA', 'Sri Lankan', 99),
        (182, 'SUDAN', 'Sudanese', 729, 'SD', 'SDN', 'Sudanese', 99),
        (183, 'SURIN', 'Surinamer', 740, 'SR', 'SUR', 'Surinamer', 99),
        (184, 'SWAZI', 'Swazi', 748, 'SZ', 'SWZ', 'Swazi', 99),
        (185, 'SWEDE', 'Swede', 752, 'SE', 'SWE', 'Swedish', 99),
        (186, 'SWIS', 'Swiss', 756, 'CH', 'CHE', 'Swiss', 99),
        (187, 'SYRI', 'Syrian', 760, 'SY', 'SYR', 'Syrian', 99),
        (188, 'TAIW', 'Taiwanese', 158, 'TW', 'TWN', 'Taiwanese', 99),
        (189, 'TA', 'Tajikistani', 762, 'TJ', 'TJK', 'Tajikistani', 99),
        (190, 'TANZ', 'Tanzanian', 834, 'TZ', 'TZA', 'Tanzanian', 99),
        (191, 'THAI', 'Thai', 764, 'TH', 'THA', 'Thai', 99),
        (192, 'TOGO', 'Togolese', 768, 'TG', 'TGO', 'Togolese', 99),
        (193, 'TKL', 'Tokelauan', 772, 'TK', 'TKL', 'Tokelauan', 99),
        (194, 'TNGA', 'Tongan', 776, 'TO', 'TON', 'Tongan', 99),
        (195, 'TRIN', 'Trinidadian, Tobagonian', 780, 'TT', 'TTO', 'Trinidadian', 99),
        (196, 'TUNI', 'Tunisian', 788, 'TN', 'TUN', 'Tunisian', 99),
        (197, 'TURK', 'Turk', 792, 'TR', 'TUR', 'Turkish', 99),
        (198, 'TU', 'Turkmen', 795, 'TM', 'TKM', 'Turkmen', 99),
        (199, 'TV', 'Tuvaluan', 798, 'TV', 'TUV', 'Tuvaluan', 99),
        (200, 'UGAN', 'Ugandan', 800, 'UG', 'UGA', 'Ugandan', 99),
        (201, 'UKRA', 'Ukrainian', 804, 'UA', 'UKR', 'Ukrainian', 99),
        (202, 'URUG', 'Uruguayan', 858, 'UY', 'URY', 'Uruguayan', 99),
        (203, 'UZBE', 'Uzbekistani', 860, 'UZ', 'UZB', 'Uzbekistani', 99),
        (204, 'VENE', 'Venezuelan', 862, 'VE', 'VEN', 'Venezuelan', 99),
        (205, 'VIET', 'Vietnamese', 704, 'VN', 'VNM', 'Vietnamese', 99),
        (206, 'VG', 'Virgin Islander', 92, 'VG', 'VGB', 'Virgin Islander', 99),
        (207, 'YEMIN', 'Yemenite', 887, 'YE', 'YEM', 'Yemeni', 99),
        (208, 'ZAM', 'Zambian', 894, 'ZM', 'ZMB', 'Zambian', 99),
        (209, 'ZIM', 'Zimbabwean', 716, 'ZW', 'ZWE', 'Zimbabwean', 99),
        (210, 'AXL', '≈landic', 248, 'AX', 'ALA', '≈landic', 99),
        (211, 'AQT', 'Antarctic', 10, 'AQ', 'ATA', 'Antarctic', 99),
        (212, 'BSE', 'Bahameese', 44, 'BS', 'BHS', 'Bahameese', 99),
        (213, 'BLE', 'BarthÈlemois', 652, 'BL', 'BLM', 'BarthÈlemois', 99),
        (214, 'CCI', 'Cocossian', 166, 'CC', 'CCK', 'Cocossian', 99),
        (215, 'CWA', 'CuraÁaoan', 531, 'CW', 'CUW', 'CuraÁaoan', 99),
        (216, 'DMN', 'Dominican', 212, 'DM', 'DMA', 'Dominican', 99),
        (217, 'FKI', 'Falkland Islander', 238, 'FK', 'FLK', 'Falkland Islander', 99),
        (218, 'GWB', 'Guinean', 624, 'GW', 'GNB', 'Guinean', 99),
        (219, 'HOK', 'Hong Konger', 344, 'HK', 'HKG', 'Hong Konger', 99),
        (220, 'MOE', 'Macanese', 446, 'MO', 'MAC', 'Macanese', 99),
        (221, 'IOM', 'Manx', 833, 'IM', 'IMN', 'Manx', 99),
        (222, 'MQN', 'Martinican', 474, 'MQ', 'MTQ', 'Martinican', 99),
        (223, 'LSO', 'Mosotho', 426, 'LS', 'LSO', 'Mosotho', 99),
        (224, 'UMM', 'Myanmarese', 104, 'MM', 'MMR', 'Myanmarese', 99),
        (225, 'NMP', 'Northern Mariana Islander', 580, 'MP', 'MNP', 'Northern Mariana Islander', 99),
        (226, 'STP', 'S„o Tomean', 678, 'ST', 'STP', 'S„o Tomean', 99),
        (227, 'SVG', 'Saint Vincentian', 670, 'VC', 'VCT', 'Saint Vincentian', 99),
        (228, 'SPM', 'Saint-Pierrais', 666, 'PM', 'SPM', 'Saint-Pierrais', 99),
        (229, 'WSO', 'Samoan', 882, 'WS', 'WSM', 'Samoan', 99),
        (230, 'SSD', 'Sudanese', 728, 'SS', 'SSD', 'Sudanese', 99),
        (231, 'TIL', 'Timorese', 626, 'TL', 'TLS', 'Timorese', 99),
        (232, 'TCI', 'Turks and Caicos Islander', 796, 'TC', 'TCA', 'Turks and Caicos Islander', 99),
        (233, 'VGI', 'Virgin Islander', 850, 'VI', 'VIR', 'Virgin Islander', 99),
        (234, 'WFI', 'Wallisian', 876, 'WF', 'WLF', 'Wallisian', 99),
        (235, 'ESH', 'Western Saharan', 732, 'EH', 'ESH', 'Western Saharan', 99),
        (236, 'ASM', 'American Samoan', 1000, 'u0', 'un0', 'unknown0', 99),
        (237, 'BAHA', 'Bahamian', 1001, 'u1', 'un1', 'unknown1', 99),
        (238, 'LS', 'Basotho', 1002, 'u2', 'un2', 'unknown2', 99),
        (239, 'BURM', 'Burmese', 1003, 'u3', 'un3', 'unknown3', 99),
        (240, 'CCK', 'Cocos Islander', 1004, 'u4', 'un4', 'unknown4', 99),
        (241, 'CONR', 'Congolese (Congo, Republic of)', 1005, 'u5', 'un5', 'unknown5', 99),
        (242, 'AN', 'Dutch Antillean', 1006, 'u6', 'un6', 'unknown6', 99),
        (243, 'EATIM', 'East Timorese', 1007, 'u7', 'un7', 'unknown7', 99),
        (244, 'KOS', 'Kosovan', 1008, 'u8', 'un8', 'unknown8', 99),
        (245, 'MTQ', 'Martiniquais', 1009, 'u9', 'un9', 'unknown9', 99),
        (246, 'REF', 'Refused', 1010, 'x1', 'xn1', 'unknown10', 99),
        (247, 'REU', 'Reunionese', 1011, 'x2', 'xn2', 'unknown11', 99),
        (248, 'WA', 'Sahrawi', 1012, 'x3', 'xn3', 'unknown12', 99),
        (249, 'STP', 'Sao Tomean', 1013, 'x4', 'xn4', 'unknown13', 99),
        (250, 'SECR', 'Serb or Croat', 1014, 'x5', 'xn5', 'unknown14', 99),
        (251, 'SSUDAN', 'South Sudanese', 1015, 'x6', 'xn6', 'unknown15', 99),
        (252, 'STATE', 'Stateless', 1016, 'x7', 'xn7', 'unknown16', 99),
        (253, 'UNKNOWN', 'Unknown', 1017, 'x8', 'xn8', 'unknown17', 99),
        (254, 'VC', 'Vincentian', 1018, 'x9', 'xn9', 'unknown18', 99);


Insert into language_reference (language_id, nomis_code, nomis_description, display_sequence, iso_alpha3,
                                iso_alpha2, iso_language_desc)
values
        (1, 'ALB', 'Albanian', 2, 'alb', 'sq', 'Albanian'),
        (2, 'AMH', 'Amharic', 99, 'amh', 'am', 'Amharic'),
        (3, 'ARA', 'Arabic', 2, 'ara', 'ar', 'Arabic'),
        (4, 'ARM-HYE', 'Armenian', 99, 'arm', 'hy', 'Armenian'),
        (5, 'ASM', 'Assamese', 99, 'asm', 'as', 'Assamese'),
        (6, 'AZE', 'Azerbaijani', 99, 'aze', 'az', 'Azerbaijani'),
        (7, 'BAQ-EUS', 'Basque', 99, 'baq', 'eu', 'Basque'),
        (8, 'BEL', 'Belarusian', 99, 'bel', 'be', 'Belarusian'),
        (9, 'BEN', 'Bengali', 99, 'ben', 'bn', 'Bengali'),
        (10, 'BOS', 'Bosnian', 2, 'bos', 'bs', 'Bosnian'),
        (11, 'BRE', 'Breton', 99, 'bre', 'br', 'Breton'),
        (12, 'BUL', 'Bulgarian', 2, 'bul', 'bg', 'Bulgarian'),
        (13, 'BUR-MYA', 'Burmese', 99, 'bur', 'my', 'Burmese'),
        (14, 'CAT', 'Catalan; Valencian', 99, 'cat', 'ca', 'Catalan; Valencian'),
        (15, 'CHE', 'Chechen', 99, 'che', 'ce', 'Chechen'),
        (16, 'CHI-ZHO', 'Chinese', 99, 'chi', 'zh', 'Chinese'),
        (17, 'COR', 'Cornish', 99, 'cor', 'kw', 'Cornish'),
        (18, 'COS', 'Corsican', 99, 'cos', 'co', 'Corsican'),
        (19, 'SCR-HRV', 'Croatian', 2, 'hrv', 'hr', 'Croatian'),
        (20, 'CZE-CES', 'Czech', 2, 'cze', 'cs', 'Czech'),
        (21, 'DAN', 'Danish', 2, 'dan', 'da', 'Danish'),
        (22, 'DUT-NLD', 'Dutch; Flemish', 2, 'dut', 'nl', 'Dutch; Flemish'),
        (23, 'ENG', 'English', 1, 'eng', 'en', 'English'),
        (24, 'EST', 'Estonian', 2, 'est', 'et', 'Estonian'),
        (25, 'FAO', 'Faroese', 99, 'fao', 'fo', 'Faroese'),
        (26, 'FIJ', 'Fijian', 99, 'fij', 'fj', 'Fijian'),
        (27, 'FIN', 'Finnish', 2, 'fin', 'fi', 'Finnish'),
        (28, 'FRE-FRA', 'French', 2, 'fre', 'fr', 'French'),
        (29, 'GLA', 'Gaelic; Scottish Gaelic', 99, 'gla', 'gd', 'Gaelic; Scottish Gaelic'),
        (30, 'GEO-KAT', 'Georgian', 2, 'geo', 'ka', 'Georgian'),
        (31, 'GER-DEU', 'German', 2, 'ger', 'de', 'German'),
        (32, 'GRE-ELL', 'Greek, Modern (1453-)' ,2, 'gre', 'el', 'Greek, Modern (1453-)'),
        (33, 'GUJ', 'Gujerati', 99, 'guj', 'gu', 'Gujarati'),
        (34, 'HEB', 'Hebrew', 99, 'heb', 'he', 'Hebrew'),
        (35, 'HIN', 'Hindi', 99, 'hin', 'hi', 'Hindi'),
        (36, 'HUN', 'Hungarian', 2, 'hun', 'hu', 'Hungarian'),
        (37, 'ICE-ISL', 'Icelandic', 99, 'ice', 'is', 'Icelandic'),
        (38, 'GLE', 'Irish', 99, 'gle', 'ga', 'Irish'),
        (39, 'ITA', 'Italian', 2, 'ita', 'it', 'Italian'),
        (40, 'JPN', 'Japanese', 99, 'jpn', 'ja', 'Japanese'),
        (41, 'KON', 'Konkani', 99, 'kon', 'kg', 'Kongo'),
        (42, 'KOR', 'Korean', 99, 'kor', 'ko', 'Korean'),
        (43, 'KUR', 'Kurdish', 99, 'kur', 'ku', 'Kurdish'),
        (44, 'LAV', 'Latvian', 2, 'lav', 'lv', 'Latvian'),
        (45, 'LIN', 'Lingala', 99, 'lin', 'ln', 'Lingala'),
        (46, 'LIT', 'Lithuanian', 2, 'lit', 'lt', 'Lithuanian'),
        (47, 'MAC-MKD', 'Macedonian', 2, 'mac', 'mk', 'Macedonian'),
        (48, 'MAY-MSA', 'Malay', 99, 'may', 'ms', 'Malay'),
        (49, 'MLT', 'Maltese', 99, 'mlt', 'mt', 'Maltese'),
        (50, 'GLV', 'Manx', 99, 'glv', 'gv', 'Manx'),
        (51, 'MAO-MRI', 'Maori', 99, 'mao', 'mi', 'Maori'),
        (52, 'MAR', 'Marathi', 99, 'mar', 'mr', 'Marathi'),
        (53, 'NOR', 'Norwegian', 2, 'nor', 'no', 'Norwegian'),
        (54, 'PER', 'Persian', 99, 'per', 'fa', 'Persian'),
        (55, 'POL', 'Polish', 2, 'pol', 'pl', 'Polish'),
        (56, 'POR', 'Portuguese', 2, 'por', 'pt', 'Portuguese'),
        (57, 'RUS', 'Russian', 2, 'rus', 'ru', 'Russian'),
        (58, 'SIN', 'Sinhala/Sinhalese', 99, 'sin', 'si', 'Sinhala; Sinhalese'),
        (59, 'SLO-SLK', 'Slovak', 2, 'slo', 'sk', 'Slovak'),
        (60, 'SLV', 'Slovenian', 2, 'slv', 'sl', 'Slovenian'),
        (61, 'SOM', 'Somali', 99, 'som', 'so', 'Somali'),
        (62, 'SPA', 'Spanish; Castilian', 2, 'spa', 'es', 'Spanish; Castilian'),
        (63, 'SWA', 'Swahili', 99, 'swa', 'sw', 'Swahili'),
        (64, 'SWE', 'Swedish', 2, 'swe', 'sv', 'Swedish'),
        (65, 'TGL', 'Tagalog', 99, 'tgl', 'tl', 'Tagalog'),
        (66, 'TAM', 'Tamil', 99, 'tam', 'ta', 'Tamil'),
        (67, 'THA', 'Thai', 99, 'tha', 'th', 'Thai'),
        (68, 'TUR', 'Turkish', 2, 'tur', 'tr', 'Turkish'),
        (69, 'UKR', 'Ukrainian', 2, 'ukr', 'uk', 'Ukrainian'),
        (70, 'URD', 'Urdu', 99, 'urd', 'ur', 'Urdu'),
        (71, 'VIE', 'Vietnamese', 99, 'vie', 'vi', 'Vietnamese'),
        (72, 'WEL-CYM', 'Welsh', 1, 'wel', 'cy', 'Welsh'),
        (73, 'WOL', 'Wolof', 99, 'wol', 'wo', 'Wolof'),
        (74, 'XHO', 'Xhosa', 99, 'xho', 'xh', 'Xhosa'),
        (75, 'YOR', 'Yoruba', 99, 'yor', 'yo', 'Yoruba'),
        (76, 'ZUL', 'Zulu', 99, 'zul', 'zu', 'Zulu'),
        (77, 'AFR', 'Afrikaans', 99, 'an1', 'a1', 'unknown1'),
        (78, 'AFA', 'Afro-Asiatic (Other)', 99, 'an2', 'a2', 'unknown2'),
        (79, 'AHA', 'Amharic', 99, 'an3', 'a3', 'unknown3'),
        (80, 'ASP', 'Andalusian Spanish', 2, 'an4', 'a4', 'unknown4'),
        (81, 'AUS', 'Australian languages', 99, 'an5', 'a5', 'unknown5'),
        (82, 'BAT', 'Baltic (Other)', 99, 'an6', 'a6', 'unknown6'),
        (83, 'BSL', 'British Sign Language', 1, 'an7', 'a7', 'unknown7'),
        (84, 'CAR', 'Carib', 99, 'an8', 'a8', 'unknown8'),
        (85, 'CEL', 'Celtic (Other)', 99, 'an9', 'a9', 'unknown9'),
        (86, 'CSP', 'Chilean Spanish', 99, 'bn1', 'b1', 'unknown10'),
       -- (87, 'ZHA', 'Chuang; Zhuang', 99, 'bn2', 'b2', 'unknown11'),
        (88, 'DAR', 'Dari', 99, 'bn3', 'b3', 'unknown12'),
        (89, 'ETS', 'Etsako', 99, 'bn4', 'b4', 'unknown13'),
        (90, 'FAR', 'Farsi', 99, 'bn5', 'b5', 'unknown14'),
        --(91, 'KAL', 'Greenlandic; Kalaallisut', 99, 'bn6', 'b6', 'unknown15'),
        (92, 'IGB', 'Igbo', 99, 'bn7', 'b7', 'unknown16'),
        (93, 'LSP', 'Latin American Spanish', 99, 'bn8', 'b8', 'unknown17'),
        (94, 'LEB', 'Lebanese', 99, 'bn9', 'b9', 'unknown18'),
       -- (95, 'LTZ', 'Letzeburgesch; Luxembourgish', 99, 'cn1', 'c1', 'unknown19'),
        (96, 'MAN', 'Mandarin', 99, 'cn2', 'c2', 'unknown20'),
        (97, 'MOL', 'Moldavian', 99, 'cn3', 'c3', 'unknown21'),
        --(98, 'NOB', 'Norwegian, Bokmal', 99, 'cn4', 'c4', 'unknown22'),
        (99, 'PAP', 'Papiamento/Papiamentu', 99, 'cn5', 'c5', 'unknown23'),
        (100, 'PAS', 'Pashto/Pushto', 99, 'cn6', 'c6', 'unknown24'),
        (101, 'PAT', 'Patois', 99, 'cn7', 'c7', 'unknown25'),
        (102, 'FAS', 'Persian', 99, 'cn8', 'c8', 'unknown26'),
        (103, 'PHI', 'Philippine (Other)', 99, 'cn9', 'c9', 'unknown27'),
        (104, 'PRA', 'Prakrit languages', 99, 'dn1', 'd1', 'unknown28'),
        --(105, 'PAN', 'Punjabi; Panjabi', 99, 'dn2', 'd2', 'unknown29'),
        (106, 'PUS', 'Pushto', 99, 'dn3', 'd3', 'unknown30'),
        (107, 'RIK', 'Rikiga', 99, 'dn4', 'd4', 'unknown31'),
        (108, 'RUM-RON', 'Romanian', 2, 'dn5', 'd5', 'unknown32'),
        (109, 'ROM', 'Romany', 2, 'dn6', 'd6', 'unknown33'),
        (110, 'SCO', 'Scots', 1, 'dn7', 'd7', 'unknown34'),
        (111, 'SEN', 'Senegalese', 99, 'dn8', 'd8', 'unknown35'),
        (112, 'SCC-SRP', 'Serbian', 2, 'dn9', 'd9', 'unknown36'),
        (113, 'SHK', 'Shkodra', 2, 'en1', 'e1', 'unknown37'),
        (114, 'SHO', 'Shona', 99, 'en2', 'e2', 'unknown38'),
        (115, 'SLA', 'Slavic (Other)', 2, 'en3', 'e3', 'unknown39'),
        (116, 'SUDARA', 'Sudanese Arabic', 99, 'en4', 'e4', 'unknown40'),
        (117, 'TAJ', 'Tajik/Tajiki/Tadzhiki', 99, 'en5', 'e5', 'unknown41'),
        (118, 'TIG', 'Tigrina', 99, 'en6', 'e6', 'unknown42'),
        (119, 'ABK', 'Abkhazian', 99, 'abk', 'ab', 'Abkhazian'),
        (120, 'AAR', 'Afar', 99, 'aar', 'aa', 'Afar'),
        --(121, 'AFR', 'Afrikaans', 99, 'afr', 'af', 'Afrikaans'),
        (122, 'AKA', 'Akan', 99, 'aka', 'ak', 'Akan'),
        (123, 'ARG', 'Aragonese', 99, 'arg', 'an', 'Aragonese'),
        (124, 'AVA', 'Avaric', 99, 'ava', 'av', 'Avaric'),
        (125, 'AVE', 'Avestan', 99, 'ave', 'ae', 'Avestan'),
        (126, 'AYM', 'Aymara', 99, 'aym', 'ay', 'Aymara'),
        (127, 'BAM', 'Bambara', 99, 'bam', 'bm', 'Bambara'),
        (128, 'BAK', 'Bashkir', 99, 'bak', 'ba', 'Bashkir'),
        (129, 'BIH', 'Bihari languages', 99, 'bih', 'bh', 'Bihari languages'),
        (130, 'BIS', 'Bislama', 99, 'bis', 'bi', 'Bislama'),
        (131, 'NOB', 'Bokm‚àö‚Ä¢l, Norwegian; Norwegian Bokm‚àö‚Ä¢l', 99, 'nob', 'nb','Bokm‚àö‚Ä¢l, Norwegian; Norwegian Bokm‚àö‚Ä¢l'),
        (132, 'KHM', 'Central Khmer', 99, 'khm', 'km', 'Central Khmer'),
        (133, 'CHA', 'Chamorro', 99, 'cha', 'ch', 'Chamorro'),
        (134, 'NYA', 'Chichewa; Chewa; Nyanja', 99, 'nya', 'ny', 'Chichewa; Chewa; Nyanja'),
        (135, 'CHU', 'Church Slavic; Old Slavonic; Church Slavonic; Old Bulgarian; Old Church Slavonic', 99, 'chu', 'cu','Church Slavic; Old Slavonic; Church Slavonic; Old Bulgarian; Old Church Slavonic'),
        (136, 'CHV', 'Chuvash', 99, 'chv', 'cv', 'Chuvash'),
        (137, 'CRE', 'Cree', 99, 'cre', 'cr', 'Cree'),
        (138, 'DIV', 'Divehi; Dhivehi; Maldivian', 99, 'div', 'dv', 'Divehi; Dhivehi; Maldivian'),
        (139, 'DZO', 'Dzongkha', 99, 'dzo', 'dz', 'Dzongkha'),
        (140, 'EPO', 'Esperanto', 99, 'epo', 'eo', 'Esperanto'),
        (141, 'EWE', 'Ewe', 99, 'ewe', 'ee', 'Ewe'), -- iso codes valid
        (142, 'FUL', 'Fulah', 99, 'ful', 'ff', 'Fulah'),
        (143, 'GLG', 'Galician', 99, 'glg', 'gl', 'Galician'),
        (144, 'LUG', 'Ganda', 99, 'lug', 'lg', 'Ganda'),
        (145, 'GRN', 'Guarani', 99, 'grn', 'gn', 'Guarani'),
        (146, 'HAT', 'Haitian; Haitian Creole', 99, 'hat', 'ht', 'Haitian; Haitian Creole'),
        (147, 'HAU', 'Hausa', 99, 'hau', 'ha', 'Hausa'),
        (148, 'HER', 'Herero', 99, 'her', 'hz', 'Herero'),
        (149, 'HMO', 'Hiri Motu', 99, 'hmo', 'ho', 'Hiri Motu'),
        (150, 'IDO', 'Ido', 99, 'ido', 'io', 'Ido'), --iso
        (151, 'IBO', 'Igbo', 99, 'ibo', 'ig', 'Igbo'),
        (152, 'IND', 'Indonesian', 99, 'ind', 'id', 'Indonesian'),
        (153, 'INA', 'Interlingua (International Auxiliary Language Association)', 99, 'ina', 'ia', 'Interlingua (International Auxiliary Language Association)'),
        (154, 'ILE', 'Interlingue; Occidental', 99, 'ile', 'ie', 'Interlingue; Occidental'),
        (155, 'IKU', 'Inuktitut', 99, 'iku', 'iu', 'Inuktitut'),
        (156, 'IPK', 'Inupiaq', 99, 'ipk', 'ik', 'Inupiaq'),
        (157, 'JAV', 'Javanese', 99, 'jav', 'jv', 'Javanese'),
        (158, 'KAL', 'Kalaallisut; Greenlandic', 99, 'kal', 'kl', 'Kalaallisut; Greenlandic'),
        (159, 'KAN', 'Kannada', 99, 'kan', 'kn', 'Kannada'),
        (160, 'KAU', 'Kanuri', 99, 'kau', 'kr', 'Kanuri'),
        (161, 'KAS', 'Kashmiri', 99, 'kas', 'ks', 'Kashmiri'),
        (162, 'KAZ', 'Kazakh', 99, 'kaz', 'kk', 'Kazakh'),
        (163, 'KIK', 'Kikuyu; Gikuyu', 99, 'kik', 'ki', 'Kikuyu; Gikuyu'),
        (164, 'KIN', 'Kinyarwanda', 99, 'kin', 'rw', 'Kinyarwanda'),
        (165, 'KIR', 'Kirghiz; Kyrgyz', 99, 'kir', 'ky', 'Kirghiz; Kyrgyz'),
        (166, 'KOM', 'Komi', 99, 'kom', 'kv', 'Komi'),
        (167, 'KUA', 'Kuanyama; Kwanyama', 99, 'kua', 'kj', 'Kuanyama; Kwanyama'),
        (168, 'LAO', 'Lao', 99, 'lao', 'lo', 'Lao'),--valid iso data
        (169, 'LAT', 'Latin', 99, 'lat', 'la', 'Latin'),
        (170, 'LIM', 'Limburgan; Limburger; Limburgish', 99, 'lim', 'li', 'Limburgan; Limburger; Limburgish'),
        (171, 'LUB', 'Luba-Katanga', 99, 'lub', 'lu', 'Luba-Katanga'),
        (172, 'LTZ', 'Luxembourgish; Letzeburgesch', 99, 'ltz', 'lb', 'Luxembourgish; Letzeburgesch'),
        (173, 'MLG', 'Malagasy', 99, 'mlg', 'mg', 'Malagasy'),
        (174, 'MAL', 'Malayalam', 99, 'mal', 'ml', 'Malayalam'),
        (175, 'MAH', 'Marshallese', 99, 'mah', 'mh', 'Marshallese'),
        (176, 'MON', 'Mongolian', 99, 'mon', 'mn', 'Mongolian'),
        (177, 'NAU', 'Nauru', 99, 'nau', 'na', 'Nauru'),
        (178, 'NAV', 'Navajo; Navaho', 99, 'nav', 'nv', 'Navajo; Navaho'),
        (179, 'NDE', 'Ndebele, North; North Ndebele', 99, 'nde', 'nd', 'Ndebele, North; North Ndebele'),
        (180, 'NBL', 'Ndebele, South; South Ndebele', 99, 'nbl', 'nr', 'Ndebele, South; South Ndebele'),
        (181, 'NDO', 'Ndonga', 99, 'ndo', 'ng', 'Ndonga'),
        (182, 'NEP', 'Nepali', 99, 'nep', 'ne', 'Nepali'),
        (183, 'SME', 'Northern Sami', 99, 'sme', 'se', 'Northern Sami'),
        (184, 'NNO', 'Norwegian Nynorsk; Nynorsk, Norwegian', 99, 'nno', 'nn', 'Norwegian Nynorsk; Nynorsk, Norwegian'),
        (185, 'OCI', 'Occitan (post 1500); Proven‚àö√üal', 99, 'oci', 'oc', 'Occitan (post 1500); Proven‚àö√üal'),
        (186, 'OJI', 'Ojibwa', 99, 'oji', 'oj', 'Ojibwa'),
        (187, 'ORI', 'Oriya', 99, 'ori', 'or', 'Oriya'),
        (188, 'ORM', 'Oromo', 99, 'orm', 'om', 'Oromo'),
        (189, 'OSS', 'Ossetian; Ossetic', 99, 'oss', 'os', 'Ossetian; Ossetic'),
        (190, 'PLI', 'Pali', 99, 'pli', 'pi', 'Pali'),
       -- (191, 'PAN', 'Panjabi; Punjabi', 99, 'pan', 'pa', 'Panjabi; Punjabi'),
        --(192, 'PUS', 'Pushto; Pashto', 99, 'pus', 'ps', 'Pushto; Pashto'),
        (193, 'QUE', 'Quechua', 99, 'que', 'qu', 'Quechua'),
        (194, 'RUM', 'Romanian; Moldavian; Moldovan', 99, 'rum', 'ro', 'Romanian; Moldavian; Moldovan'),
        (195, 'ROH', 'Romansh', 99, 'roh', 'rm', 'Romansh'),
        (196, 'RUN', 'Rundi', 99, 'run', 'rn', 'Rundi'),
        (197, 'SMO', 'Samoan', 99, 'smo', 'sm', 'Samoan'),
        (198, 'SAG', 'Sango', 99, 'sag', 'sg', 'Sango'),
        (199, 'SAN', 'Sanskrit', 99, 'san', 'sa', 'Sanskrit'),
        (200, 'SRD', 'Sardinian', 99, 'srd', 'sc', 'Sardinian'),
        (201, 'SRP', 'Serbian', 99, 'srp', 'sr', 'Serbian'),
        (202, 'SNA', 'Shona', 99, 'sna', 'sn', 'Shona'),
        (203, 'III', 'Sichuan Yi; Nuosu', 99, 'iii', 'ii', 'Sichuan Yi; Nuosu'),
        (204, 'SND', 'Sindhi', 99, 'snd', 'sd', 'Sindhi'),
        (205, 'SOT', 'Sotho, Southern', 99, 'sot', 'st', 'Sotho, Southern'),
        (206, 'SUN', 'Sundanese', 99, 'sun', 'su', 'Sundanese'),
        (207, 'SSW', 'Swati', 99, 'ssw', 'ss', 'Swati'),
        (208, 'TAH', 'Tahitian', 99, 'tah', 'ty', 'Tahitian'),
        (209, 'TGK', 'Tajik', 99, 'tgk', 'tg', 'Tajik'),
        (210, 'TAT', 'Tatar', 99, 'tat', 'tt', 'Tatar'),
        (211, 'TEL', 'Telugu', 99, 'tel', 'te', 'Telugu'),
        (212, 'TIB', 'Tibetan', 99, 'tib', 'bo', 'Tibetan'),
        (213, 'TIR', 'Tigrinya', 99, 'tir', 'ti', 'Tigrinya'),
        (214, 'TON', 'Tonga (Tonga Islands)', 99, 'ton', 'to', 'Tonga (Tonga Islands)'),
        (215, 'TSO', 'Tsonga', 99, 'tso', 'ts', 'Tsonga'),
        (216, 'TSN', 'Tswana', 99, 'tsn', 'tn', 'Tswana'),
        (217, 'TUK', 'Turkmen', 99, 'tuk', 'tk', 'Turkmen'),
        (218, 'TWI', 'Twi', 99, 'twi', 'tw', 'Twi'),
        (219, 'UIG', 'Uighur; Uyghur', 99, 'uig', 'ug', 'Uighur; Uyghur'),
        (220, 'UZB', 'Uzbek', 99, 'uzb', 'uz', 'Uzbek'),
        (221, 'VEN', 'Venda', 99, 'ven', 've', 'Venda'),
        (222, 'VOL', 'Volap‚àö¬∫k', 99, 'vol', 'vo', 'Volap‚àö¬∫k'),
        (223, 'WLN', 'Walloon', 99, 'wln', 'wa', 'Walloon'),
        (224, 'FRY', 'Western Frisian', 99, 'fry', 'fy', 'Western Frisian'),
        (225, 'YID', 'Yiddish', 99, 'yid', 'yi', 'Yiddish'),
        (226, 'ZHA', 'Zhuang; Chuang', 99, 'zha', 'za', 'Zhuang; Chuang');


Insert into country_reference (country_id, nomis_code, nomis_description,
                                iso_alpha2, iso_alpha3, iso_numeric, iso_country_desc, display_sequence)
values
        (1, 'ZWE', 'Zimbabwe', 'ZW', 'ZWE', 716, 'Zimbabwe', 99),
        (2, 'ZMB', 'Zambia', 'ZM', 'ZMB', 894, 'Zambia', 99),
        (3, 'ZAF', 'South Africa', 'ZA', 'ZAF', 710, 'South Africa', 99),
        (4, 'YEM', 'Yemen', 'YE', 'YEM', 887, 'Yemen', 99),
        (5, 'XZ', 'Stateless', 'a1', 'an1', 1000, 'unknown0', 99),
        (6, 'XY', 'Refused', 'a2', 'an2', 1001, 'unknown1', 99),
        (7, 'XX', 'Unknown', 'a3', 'an3', 1002, 'unknown2', 99),
        (8, 'WSM', 'Samoa', 'WS', 'WSM', 882, 'Samoa', 99),
        (9, 'VUT', 'Vanuatu', 'VU', 'VUT', 548, 'Vanuatu', 99),
        (10, 'VNM', 'Viet Nam', 'VN', 'VNM', 704, 'Viet Nam', 99),
        (11, 'VIR', 'Virgin Islands (U.S.)', 'VI', 'VIR', 850, 'Virgin Islands (U.S.)', 99),
        (12, 'VGB', 'Virgin Islands (British)', 'VG', 'VGB', 92, 'Virgin Islands (British)', 99),
        (13, 'VCT', 'Saint Vincent And The Grenadines', 'VC', 'VCT', 670, 'Saint Vincent And The Grenadines', 99),
        (14, 'UZB', 'Uzbekistan', 'UZ', 'UZB', 860, 'Uzbekistan', 99),
        (15, 'URY', 'Uruguay', 'UY', 'URY', 858, 'Uruguay', 99),
        (16, 'UKR', 'Ukraine', 'UA', 'UKR', 804, 'Ukraine', 99),
        (17, 'UGA', 'Uganda', 'UG', 'UGA', 800, 'Uganda', 99),
        (18, 'TUV', 'Tuvalu', 'TV', 'TUV', 798, 'Tuvalu', 99),
        (19, 'TUN', 'Tunisia', 'TN', 'TUN', 788, 'Tunisia', 99),
        (20, 'TTO', 'Trinidad And Tobago', 'TT', 'TTO', 780, 'Trinidad And Tobago', 99),
        (21, 'TON', 'Tonga', 'TO', 'TON', 776, 'Tonga', 99),
        (22, 'TLS', 'Timor-Leste', 'TL', 'TLS', 626, 'Timor-Leste', 99),
        (23, 'TKM', 'Turkmenistan', 'TM', 'TKM', 795, 'Turkmenistan', 99),
        (24, 'TKL', 'Tokelau', 'TK', 'TKL', 772, 'Tokelau', 99),
        (25, 'TJK', 'Tajikistan', 'TJ', 'TJK', 762, 'Tajikistan', 99),
        (26, 'THA', 'Thailand', 'TH', 'THA', 764, 'Thailand', 99),
        (27, 'TGO', 'Togo', 'TG', 'TGO', 768, 'Togo', 99),
        (28, 'TCD', 'Chad', 'TD', 'TCD', 148, 'Chad', 99),
        (29, 'SYC', 'Seychelles', 'SC', 'SYC', 690, 'Seychelles', 99),
        (30, 'SXM', 'Sint Maarten (Dutch part)', 'SX', 'SXM', 534, 'Sint Maarten (Dutch part)', 99),
        (31, 'SWE', 'Sweden', 'SE', 'SWE', 752, 'Sweden', 99),
        (32, 'SVN', 'Slovenia', 'SI', 'SVN', 705, 'Slovenia', 99),
        (33, 'SUR', 'Suriname', 'SR', 'SUR', 740, 'Suriname', 99),
        (34, 'STP', 'Sao Tome And Principe', 'ST', 'STP', 678, 'Sao Tome And Principe', 99),
        (35, 'SSD', 'South Sudan', 'SS', 'SSD', 728, 'South Sudan', 99),
        (36, 'SRB', 'Serbia', 'RS', 'SRB', 688, 'Serbia', 99),
        (37, 'SPM', 'Saint Pierre And Miquelon', 'PM', 'SPM', 666, 'Saint Pierre And Miquelon', 99),
        (38, 'SOM', 'Somalia', 'SO', 'SOM', 706, 'Somalia', 99),
        (39, 'SMR', 'San Marino', 'SM', 'SMR', 674, 'San Marino', 99),
        (40, 'SLV', 'El Salvador', 'SV', 'SLV', 222, 'El Salvador', 99),
        (41, 'SLE', 'Sierra Leone', 'SL', 'SLE', 694, 'Sierra Leone', 99),
        (42, 'SLB', 'Solomon Islands', 'SB', 'SLB', 90, 'Solomon Islands', 99),
        (43, 'SGP', 'Singapore', 'SG', 'SGP', 702, 'Singapore', 99),
        (44, 'SEN', 'Senegal', 'SN', 'SEN', 686, 'Senegal', 99),
        (45, 'SAU', 'Saudi Arabia', 'SA', 'SAU', 682, 'Saudi Arabia', 99),
        (46, 'RWA', 'Rwanda', 'RW', 'RWA', 646, 'Rwanda', 99),
        (47, 'ROM', 'Romania', 'RO', 'ROU', 642, 'Romania', 99),
        (48, 'QAT', 'Qatar', 'QA', 'QAT', 634, 'Qatar', 99),
        (49, 'PYF', 'French Polynesia', 'PF', 'PYF', 258, 'French Polynesia', 99),
        (50, 'PRY', 'Paraguay', 'PY', 'PRY', 600, 'Paraguay', 99),
        (51, 'PRT', 'Portugal', 'PT', 'PRT', 620, 'Portugal', 99),
        (52, 'PRI', 'Puerto Rico', 'PR', 'PRI', 630, 'Puerto Rico', 99),
        (53, 'POL', 'Poland', 'PL', 'POL', 616, 'Poland', 99),
        (54, 'PNG', 'Papua New Guinea', 'PG', 'PNG', 598, 'Papua New Guinea', 99),
        (55, 'PLW', 'Palau', 'PW', 'PLW', 585, 'Palau', 99),
        (56, 'PER', 'Peru', 'PE', 'PER', 604, 'Peru', 99),
        (57, 'PCN', 'Pitcairn', 'PN', 'PCN', 612, 'Pitcairn', 99),
        (58, 'PAN', 'Panama', 'PA', 'PAN', 591, 'Panama', 99),
        (59, 'PAK', 'Pakistan', 'PK', 'PAK', 586, 'Pakistan', 99),
        (60, 'OMN', 'Oman', 'OM', 'OMN', 512, 'Oman', 99),
        (61, 'NZL', 'New Zealand', 'NZ', 'NZL', 554, 'New Zealand', 99),
        (62, 'NRU', 'Nauru', 'NR', 'NRU', 520, 'Nauru', 99),
        (63, 'NPL', 'Nepal', 'NP', 'NPL', 524, 'Nepal', 99),
        (64, 'NOR', 'Norway', 'NO', 'NOR', 578, 'Norway', 99),
        (65, 'NIU', 'Niue', 'NU', 'NIU', 570, 'Niue', 99),
        (66, 'NIC', 'Nicaragua', 'NI', 'NIC', 558, 'Nicaragua', 99),
        (67, 'NGA', 'Nigeria', 'NG', 'NGA', 566, 'Nigeria', 99),
        (68, 'NFK', 'Norfolk Island', 'NF', 'NFK', 574, 'Norfolk Island', 99),
        (69, 'NCL', 'New Caledonia', 'NC', 'NCL', 540, 'New Caledonia', 99),
        (70, 'NAM', 'Namibia', 'NA', 'NAM', 516, 'Namibia', 99),
        (71, 'MYT', 'Mayotte', 'YT', 'MYT', 175, 'Mayotte', 99),
        (72, 'MYS', 'Malaysia', 'MY', 'MYS', 458, 'Malaysia', 99),
        (73, 'MWI', 'Malawi', 'MW', 'MWI', 454, 'Malawi', 99),
        (74, 'MUS', 'Mauritius', 'MU', 'MUS', 480, 'Mauritius', 99),
        (75, 'MTQ', 'Martinique', 'MQ', 'MTQ', 474, 'Martinique', 99),
        (76, 'MSR', 'Montserrat', 'MS', 'MSR', 500, 'Montserrat', 99),
        (77, 'MRT', 'Mauritania', 'MR', 'MRT', 478, 'Mauritania', 99),
        (78, 'MOZ', 'Mozambique', 'MZ', 'MOZ', 508, 'Mozambique', 99),
        (79, 'MNG', 'Mongolia', 'MN', 'MNG', 496, 'Mongolia', 99),
        (80, 'MNE', 'Montenegro', 'ME', 'MNE', 499, 'Montenegro', 99),
        (81, 'MLT', 'Malta', 'MT', 'MLT', 470, 'Malta', 99),
        (82, 'MLI', 'Mali', 'ML', 'MLI', 466, 'Mali', 99),
        (83, 'MEX', 'Mexico', 'MX', 'MEX', 484, 'Mexico', 99),
        (84, 'MDV', 'Maldives', 'MV', 'MDV', 462, 'Maldives', 99),
        (85, 'MDG', 'Madagascar', 'MG', 'MDG', 450, 'Madagascar', 99),
        (86, 'MCO', 'Monaco', 'MC', 'MCO', 492, 'Monaco', 99),
        (87, 'MAR', 'Morocco', 'MA', 'MAR', 504, 'Morocco', 99),
        (88, 'LVA', 'Latvia', 'LV', 'LVA', 428, 'Latvia', 99),
        (89, 'LUX', 'Luxembourg', 'LU', 'LUX', 442, 'Luxembourg', 99),
        (90, 'LTU', 'Lithuania', 'LT', 'LTU', 440, 'Lithuania', 99),
        (91, 'LSO', 'Lesotho', 'LS', 'LSO', 426, 'Lesotho', 99),
        (92, 'LKA', 'Sri Lanka', 'LK', 'LKA', 144, 'Sri Lanka', 99),
        (93, 'LIE', 'Liechtenstein', 'LI', 'LIE', 438, 'Liechtenstein', 99),
        (94, 'LCA', 'Saint Lucia', 'LC', 'LCA', 662, 'Saint Lucia', 99),
        (95, 'LBR', 'Liberia', 'LR', 'LBR', 430, 'Liberia', 99),
        (96, 'LBN', 'Lebanon', 'LB', 'LBN', 422, 'Lebanon', 99),
        (97, 'KWT', 'Kuwait', 'KW', 'KWT', 414, 'Kuwait', 99),
        (98, 'KNA', 'Saint Kitts And Nevis', 'KN', 'KNA', 659, 'Saint Kitts And Nevis', 99),
        (99, 'KIR', 'Kiribati', 'KI', 'KIR', 296, 'Kiribati', 99),
        (100, 'KHM', 'Cambodia', 'KH', 'KHM', 116, 'Cambodia', 99),
        (101, 'KGZ', 'Kyrgyzstan', 'KG', 'KGZ', 417, 'Kyrgyzstan', 99),
        (102, 'KEN', 'Kenya', 'KE', 'KEN', 404, 'Kenya', 99),
        (103, 'KAZ', 'Kazakhstan', 'KZ', 'KAZ', 398, 'Kazakhstan', 99),
        (104, 'JPN', 'Japan', 'JP', 'JPN', 392, 'Japan', 99),
        (105, 'JOR', 'Jordan', 'JO', 'JOR', 400, 'Jordan', 99),
        (106, 'JEY', 'Jersey', 'JE', 'JEY', 832, 'Jersey', 99),
        (107, 'JAM', 'Jamaica', 'JM', 'JAM', 388, 'Jamaica', 99),
        (108, 'ITA', 'Italy', 'IT', 'ITA', 380, 'Italy', 99),
        (109, 'ISR', 'Israel', 'IL', 'ISR', 376, 'Israel', 99),
        (110, 'ISL', 'Iceland', 'IS', 'ISL', 352, 'Iceland', 99),
        (111, 'IRQ', 'Iraq', 'IQ', 'IRQ', 368, 'Iraq', 99),
        (112, 'IRL', 'Ireland', 'IE', 'IRL', 372, 'Ireland', 99),
        (113, 'IOM', 'Isle of Man', 'IM', 'IMN', 833, 'Isle of Man', 99),
        (114, 'IND', 'India', 'IN', 'IND', 356, 'India', 99),
        (115, 'IDN', 'Indonesia', 'ID', 'IDN', 360, 'Indonesia', 99),
        (116, 'HUN', 'Hungary', 'HU', 'HUN', 348, 'Hungary', 99),
        (117, 'HTI', 'Haiti', 'HT', 'HTI', 332, 'Haiti', 99),
        (118, 'HND', 'Honduras', 'HN', 'HND', 340, 'Honduras', 99),
        (119, 'GUY', 'Guyana', 'GY', 'GUY', 328, 'Guyana', 99),
        (120, 'GUM', 'Guam', 'GU', 'GUM', 316, 'Guam', 99),
        (121, 'GUF', 'French Guiana', 'GF', 'GUF', 254, 'French Guiana', 99),
        (122, 'GTM', 'Guatemala', 'GT', 'GTM', 320, 'Guatemala', 99),
        (123, 'GRL', 'Greenland', 'GL', 'GRL', 304, 'Greenland', 99),
        (124, 'GRD', 'Grenada', 'GD', 'GRD', 308, 'Grenada', 99),
        (125, 'GRC', 'Greece', 'GR', 'GRC', 300, 'Greece', 99),
        (126, 'GNQ', 'Equatorial Guinea', 'GQ', 'GNQ', 226, 'Equatorial Guinea', 99),
        (127, 'GNB', 'Guinea-Bissau', 'GW', 'GNB', 624, 'Guinea-Bissau', 99),
        (128, 'GLP', 'Guadeloupe', 'GP', 'GLP', 312, 'Guadeloupe', 99),
        (129, 'GIN', 'Guinea', 'GN', 'GIN', 324, 'Guinea', 99),
        (130, 'GIB', 'Gibraltar', 'GI', 'GIB', 292, 'Gibraltar', 99),
        (131, 'GHA', 'Ghana', 'GH', 'GHA', 288, 'Ghana', 99),
        (132, 'GGY', 'Guernsey', 'GG', 'GGY', 831, 'Guernsey', 99),
        (133, 'GEO', 'Georgia', 'GE', 'GEO', 268, 'Georgia', 99),
        (134, 'GAB', 'Gabon', 'GA', 'GAB', 266, 'Gabon', 99),
        (135, 'FRA', 'France', 'FR', 'FRA', 250, 'France', 99),
        (136, 'FJI', 'Fiji', 'FJ', 'FJI', 242, 'Fiji', 99),
        (137, 'FIN', 'Finland', 'FI', 'FIN', 246, 'Finland', 99),
        (138, 'ETH', 'Ethiopia', 'ET', 'ETH', 231, 'Ethiopia', 99),
        (139, 'EST', 'Estonia', 'EE', 'EST', 233, 'Estonia', 99),
        (140, 'ESP', 'Spain', 'ES', 'ESP', 724, 'Spain', 99),
        (141, 'ERI', 'Eritrea', 'ER', 'ERI', 232, 'Eritrea', 99),
        (142, 'EGY', 'Egypt', 'EG', 'EGY', 818, 'Egypt', 99),
        (143, 'ECU', 'Ecuador', 'EC', 'ECU', 218, 'Ecuador', 99),
        (144, 'DZA', 'Algeria', 'DZ', 'DZA', 12, 'Algeria', 99),
        (145, 'DNK', 'Denmark', 'DK', 'DNK', 208, 'Denmark', 99),
        (146, 'DMA', 'Dominica', 'DM', 'DMA', 212, 'Dominica', 99),
        (147, 'DJI', 'Djibouti', 'DJ', 'DJI', 262, 'Djibouti', 99),
        (148, 'DEU', 'Germany', 'DE', 'DEU', 276, 'Germany', 99),
        (149, 'CYP', 'Cyprus', 'CY', 'CYP', 196, 'Cyprus', 99),
        (150, 'CXR', 'Christmas Island', 'CX', 'CXR', 162, 'Christmas Island', 99),
        (151, 'CUB', 'Cuba', 'CU', 'CUB', 192, 'Cuba', 99),
        (152, 'CRI', 'Costa Rica', 'CR', 'CRI', 188, 'Costa Rica', 99),
        (153, 'COL', 'Colombia', 'CO', 'COL', 170, 'Colombia', 99),
        (154, 'CMR', 'Cameroon', 'CM', 'CMR', 120, 'Cameroon', 99),
        (155, 'CHN', 'China', 'CN', 'CHN', 156, 'China', 99),
        (156, 'CHL', 'Chile', 'CL', 'CHL', 152, 'Chile', 99),
        (157, 'CHE', 'Switzerland', 'CH', 'CHE', 756, 'Switzerland', 99),
        (158, 'CAN', 'Canada', 'CA', 'CAN', 124, 'Canada', 99),
        (159, 'BWA', 'Botswana', 'BW', 'BWA', 72, 'Botswana', 99),
        (160, 'BVT', 'Bouvet Island', 'BV', 'BVT', 74, 'Bouvet Island', 99),
        (161, 'BTN', 'Bhutan', 'BT', 'BTN', 64, 'Bhutan', 99),
        (162, 'BRN', 'Brunei Darussalam', 'BN', 'BRN', 96, 'Brunei Darussalam', 99),
        (163, 'BRB', 'Barbados', 'BB', 'BRB', 52, 'Barbados', 99),
        (164, 'BRA', 'Brazil', 'BR', 'BRA', 76, 'Brazil', 99),
        (165, 'BMU', 'Bermuda', 'BM', 'BMU', 60, 'Bermuda', 99),
        (166, 'BLZ', 'Belize', 'BZ', 'BLZ', 84, 'Belize', 99),
        (167, 'BLR', 'Belarus', 'BY', 'BLR', 112, 'Belarus', 99),
        (168, 'BHR', 'Bahrain', 'BH', 'BHR', 48, 'Bahrain', 99),
        (169, 'BGR', 'Bulgaria', 'BG', 'BGR', 100, 'Bulgaria', 99),
        (170, 'BGD', 'Bangladesh', 'BD', 'BGD', 50, 'Bangladesh', 99),
        (171, 'BFA', 'Burkina Faso', 'BF', 'BFA', 854, 'Burkina Faso', 99),
        (172, 'BEN', 'Benin', 'BJ', 'BEN', 204, 'Benin', 99),
        (173, 'BEL', 'Belgium', 'BE', 'BEL', 56, 'Belgium', 99),
        (174, 'BDI', 'Burundi', 'BI', 'BDI', 108, 'Burundi', 99),
        (175, 'AZE', 'Azerbaijan', 'AZ', 'AZE', 31, 'Azerbaijan', 99),
        (176, 'AUT', 'Austria', 'AT', 'AUT', 40, 'Austria', 99),
        (177, 'AUS', 'Australia', 'AU', 'AUS', 36, 'Australia', 99),
        (178, 'ATG', 'Antigua And Barbuda', 'AG', 'ATG', 28, 'Antigua And Barbuda', 99),
        (179, 'ATA', 'Antarctica', 'AQ', 'ATA', 10, 'Antarctica', 99),
        (180, 'ASM', 'American Samoa', 'AS', 'ASM', 16, 'American Samoa', 99),
        (181, 'ARM', 'Armenia', 'AM', 'ARM', 51, 'Armenia', 99),
        (182, 'ARG', 'Argentina', 'AR', 'ARG', 32, 'Argentina', 99),
        (183, 'AND', 'Andorra', 'AD', 'AND', 20, 'Andorra', 99),
        (184, 'ALB', 'Albania', 'AL', 'ALB', 8, 'Albania', 99),
        (185, 'AIA', 'Anguilla', 'AI', 'AIA', 660, 'Anguilla', 99),
        (186, 'AGO', 'Angola', 'AO', 'AGO', 24, 'Angola', 99),
        (187, 'AFG', 'Afghanistan', 'AF', 'AFG', 4, 'Afghanistan', 99),
        (188, 'ABW', 'Aruba', 'AW', 'ABW', 533, 'Aruba', 99),
        (189, 'ALA', 'Aland Islands', 'AX', 'ALA', 248, 'Åland Islands', 99),
        (190, 'BHS', 'Bahamas', 'BS', 'BHS', 44, 'Bahamas (the)', 99),
        (191, 'BOL', 'Bolivia', 'BO', 'BOL', 68, 'Bolivia (Plurinational State of)', 99),
        (192, 'BES', 'Bonaire, Saint Eustatius and Saba', 'BQ', 'BES', 535, 'Bonaire, Sint Eustatius and Saba', 99),
        (193, 'BIH', 'Bosnia And Herzegowina', 'BA', 'BIH', 70, 'Bosnia and Herzegovina', 99),
        (194, 'IOT', 'British Indian Ocean Territory', 'IO', 'IOT', 86, 'British Indian Ocean Territory (the)', 99),
        (195, 'CPV', 'Cape Verde', 'CV', 'CPV', 132, 'Cabo Verde', 99),
        (196, 'CYM', 'Cayman Islands', 'KY', 'CYM', 136, 'Cayman Islands (the)', 99),
        (197, 'CAF', 'Central African Republic', 'CF', 'CAF', 140, 'Central African Republic (the)', 99),
        (198, 'CCK', 'Cocos (Keeling) Islands', 'CC', 'CCK', 166, 'Cocos (Keeling) Islands (the)', 99),
        (199, 'COM', 'Comoros', 'KM', 'COM', 174, 'Comoros (the)', 99),
        (200, 'COG', 'Congo', 'CG', 'COG', 178, 'Congo (the)', 99),
        (201, 'COD', 'Congo, The Democratic Republic Of The', 'CD', 'COD', 180, 'Congo (the Democratic Republic of the)', 99),
        (202, 'COK', 'Cook Islands', 'CK', 'COK', 184, 'Cook Islands (the)', 99),
        (203, 'CIV', 'Cote D''Ivoire', 'CI', 'CIV', 384, 'Côte d''Ivoire', 99),
        (204, 'HRV', 'Croatia (Local Name: Hrvatska)', 'HR', 'HRV', 191, 'Croatia', 99),
        (205, 'CUW', 'Curacao', 'CW', 'CUW', 531, 'Curaçao', 99),
        (206, 'CZE', 'Czech Republic', 'CZ', 'CZE', 203, 'Czechia', 99),
        (207, 'DOM', 'Dominican Republic', 'DO', 'DOM', 214, 'Dominican Republic (the)', 99),
        (208, 'FRO', 'Faeroe Islands', 'FO', 'FRO', 234, 'Faroe Islands (the)', 99),
        (209, 'FLK', 'Falkland Islands (Malvinas)', 'FK', 'FLK', 238, 'Falkland Islands (the) [Malvinas]', 99),
        (210, 'ATF', 'French Southern Territories', 'TF', 'ATF', 260, 'French Southern Territories (the)', 99),
        (211, 'GMB', 'Gambia', 'GM', 'GMB', 270, 'Gambia (the)', 99),
        (212, 'HMD', 'Heard And Mcdonald Islands', 'HM', 'HMD', 334, 'Heard Island and McDonald Islands', 99),
        (213, 'VAT', 'Holy See (Vatican City State)', 'VA', 'VAT', 336, 'Holy See (the)', 99),
        (214, 'HKG', 'Hong Kong, Chinese Special Admin Region', 'HK', 'HKG', 344, 'Hong Kong', 99),
        (215, 'IRN', 'Iran, Islamic Republic Of', 'IR', 'IRN', 364, 'Iran (Islamic Republic of)', 99),
        (216, 'PRK', 'Korea, Democratic People''s Republic Of', 'KP', 'PRK', 408, 'Korea (the Democratic People''s Republic of)', 99),
        (217, 'KOR', 'Korea, Republic Of', 'KR', 'KOR', 410, 'Korea (the Republic of)', 99),
        (218, 'LAO', 'Lao People''s Democratic Republic', 'LA', 'LAO', 418, 'Lao People''s Democratic Republic (the)', 99),
        (219, 'LBY', 'Libyan Arab Jamahiriya', 'LY', 'LBY', 434, 'Libya', 99),
        (220, 'MAC', 'Macao, Chinese Special Admin Region', 'MO', 'MAC', 446, 'Macao', 99),
        (221, 'MHL', 'Marshall Islands', 'MH', 'MHL', 584, 'Marshall Islands (the)', 99),
        (222, 'FSM', 'Micronesia, Federated States Of', 'FM', 'FSM', 583, 'Micronesia (Federated States of)', 99),
        (223, 'MDA', 'Moldova, Republic Of', 'MD', 'MDA', 498, 'Moldova (the Republic of)', 99),
        (224, 'MMR', 'Myanmar (Burma)', 'MM', 'MMR', 104, 'Myanmar', 99),
        (225, 'NLD', 'Netherlands', 'NL', 'NLD', 528, 'Netherlands (Kingdom of the)', 99),
        (226, 'NER', 'Niger', 'NE', 'NER', 562, 'Niger (the)', 99),
        (227, 'MNP', 'Northern Mariana Islands', 'MP', 'MNP', 580, 'Northern Mariana Islands (the)', 99),
        (228, 'PSE', 'Palestinian Territory, Occupied', 'PS', 'PSE', 275, 'Palestine, State of', 99),
        (229, 'PHL', 'Philippines', 'PH', 'PHL', 608, 'Philippines (the)', 99),
        (230, 'REU', 'Reunion', 'RE', 'REU', 638, 'Réunion', 99),
        (231, 'RUS', 'Russian Federation', 'RU', 'RUS', 643, 'Russian Federation (the)', 99),
        (232, 'SHN', 'Saint Helena', 'SH', 'SHN', 654, 'Saint Helena, Ascension and Tristan da Cunha', 99),
        (233, 'MAF', 'Saint-Martin (French part)', 'MF', 'MAF', 663, 'Saint Martin (French part)', 99),
        (234, 'SVK', 'Slovakia (Slovak Republic)', 'SK', 'SVK', 703, 'Slovakia', 99),
        (235, 'SGS', 'South Georgia And S. Sandwich Islands', 'GS', 'SGS', 239, 'South Georgia and the South Sandwich Islands', 99),
        (236, 'SDN', 'Sudan (Old)', 'SD', 'SDN', 729, 'Sudan (the)', 99),
        (237, 'SJM', 'Svalbard And Jan Mayen Islands', 'SJ', 'SJM', 744, 'Svalbard and Jan Mayen', 99),
        (238, 'SYR', 'Syrian Arab Republic', 'SY', 'SYR', 760, 'Syrian Arab Republic (the)', 99),
        (239, 'TWN', 'Taiwan, Province Of China', 'TW', 'TWN', 158, 'Taiwan (Province of China)', 99),
        (240, 'TZA', 'Tanzania, United Republic Of', 'TZ', 'TZA', 834, 'Tanzania, the United Republic of', 99),
        (241, 'TUR', 'Turkey', 'TR', 'TUR', 792, 'Türkiye', 99),
        (242, 'TCA', 'Turks And Caicos Islands', 'TC', 'TCA', 796, 'Turks and Caicos Islands (the)', 99),
        (243, 'ARE', 'United Arab Emirates', 'AE', 'ARE', 784, 'United Arab Emirates (the)', 99),
        (244, 'GBR', 'United Kingdom', 'GB', 'GBR', 826, 'United Kingdom of Great Britain and Northern Ireland (the)', 99),
        (245, 'USA', 'United States', 'US', 'USA', 840, 'United States of America (the)', 99),
        (246, 'UMI', 'United States Minor Outlying Islands', 'UM', 'UMI', 581, 'United States Minor Outlying Islands (the)', 99),
        (247, 'VEN', 'Venezuela', 'VE', 'VEN', 862, 'Venezuela (Bolivarian Republic of)', 99),
        (248, 'WLF', 'Wallis And Futuna Islands', 'WF', 'WLF', 876, 'Wallis and Futuna', 99),
        (249, 'ESH', 'Western Sahara', 'EH', 'ESH', 732, 'Western Sahara*', 99),
        (250, 'MKD', 'Macedonia,The Former Yugoslav Republic', 'MK', 'MKD', 807, 'North Macedonia', 99),
        (251, 'SWZ', 'Swaziland', 'SZ', 'SWZ', 748, 'Eswatini', 99),
        (252, 'BLM', 'Saint-Barthelemy', 'BL', 'BLM', 652, 'Saint Barthélemy', 99),
        (253, 'CI', 'Channel Islands', 'a4', 'an4', 1003, 'unknown3', 99),
        (254, 'ENG', 'England', 'a5', 'an5', 1004, 'unknown4', 1),
        (255, 'FXX', 'France, Metropolitan', 'a6', 'an6', 1005, 'unknown5', 99),
        (256, 'KOS', 'Kosova', 'a7', 'an7', 1006, 'unknown6', 99),
        (257, 'ANT', 'Netherlands Antilles', 'a8', 'an8', 1007, 'unknown7', 99),
        (258, 'NI', 'Northern Ireland', 'a9', 'an9', 1008, 'unknown8', 4),
        (259, 'XRK', 'Sark', 'b1', 'bn1', 1009, 'unknown9', 99),
        (260, 'SCOT', 'Scotland', 'b2', 'bn2', 1010, 'unknown10', 3),
        (261, 'SCG', 'Serbia And Montenegro', 'b3', 'bn3', 1011, 'unknown11', 99),
        (262, 'SU', 'USSR', 'b4', 'bn4', 1012, 'unknown12', 99),
        (263, 'WALES', 'Wales', 'b5', 'bn5', 1013, 'unknown13', 2),
        (264, 'YU', 'Yugoslavia', 'b6', 'bn6', 1014, 'unknown14', 99);

Insert into city_reference (city_id, nomis_code, nomis_description, display_sequence)
values
        (1, '4656', 'Torpoint', 99),
        (2, '4688', 'Truro', 99),
        (3, '4761', 'Wadebridge', 99),
        (4, '4799', 'Antrim', 99),
        (5, '4808', 'Ballycastle', 99),
        (6, '481', 'Colintraive', 99),
        (7, '4819', 'Ballyclare', 99),
        (8, '4826', 'Ballymena', 99),
        (9, '483', 'Dalmally', 99),
        (10, '4882', 'Ballymoney', 99),
        (11, '4940', 'Bushmills', 99),
        (12, '4951', 'Crumlin', 99),
        (13, '4978', 'Newtownabbey', 99),
        (14, '50', 'Aboyne', 99),
        (15, '5053', 'Ballynahinch', 99),
        (16, '507', 'Inveraray', 99),
        (17, '5077', 'Downpatrick', 99),
        (18, '5105', 'Hillsborough', 99),
        (19, '5110', 'Newry', 99),
        (20, '5147', 'Newtownards', 99),
        (21, '5196', 'Bishop Auckland', 99),
        (22, '5288', 'Consett', 99),
        (23, '5331', 'Darlington', 99),
        (24, '5461', 'Newton Aycliffe', 99),
        (25, '5489', 'Shildon', 99),
        (26, '5504', 'Stanley', 99),
        (27, '5535', 'Enniskillen', 99),
        (28, '5559', 'Limavady', 99),
        (29, '5606', 'Magherafelt', 99),
        (30, '5625', 'Aughnacloy', 99),
        (31, '5628', 'Castlederg', 99),
        (32, '5648', 'Dungannon', 99),
        (33, '5684', 'Omagh', 99),
        (34, '5737', 'Alston', 99),
        (35, '5797', 'Askam-In-Furness', 99),
        (36, '580', 'Taynuilt', 99),
        (37, '5838', 'Broughton-In-Furness', 99),
        (38, '588', 'Tighnabruaich', 99),
        (39, '61', 'Alford', 99),
        (40, '6115', 'Cockermouth', 99),
        (41, '6159', 'Dalton-In-Furness', 99),
        (42, '6180', 'Grange-Over-Sands', 99),
        (43, '6250', 'Keswick', 99),
        (44, '6300', 'Kirkby-In-Furness', 99),
        (45, '6337', 'Milnthorpe', 99),
        (46, '6355', 'Penrith', 99),
        (47, '6496', 'Sedbergh', 99),
        (48, '6568', 'Whitehaven', 99),
        (49, '6617', 'Windermere', 99),
        (50, '6691', 'Bakewell', 99),
        (51, '6709', 'Buxton', 99),
        (52, '6757', 'Chesterfield', 99),
        (53, '6820', 'Derby', 99),
        (54, '7003', 'Glossop', 99),
        (55, '7007', 'Heanor', 99),
        (56, '7010', 'Ilkeston', 99),
        (57, '7017', 'Matlock', 99),
        (58, '7052', 'Axminster', 99),
        (59, '713', 'Bristol', 99),
        (60, '7161', 'Bideford', 99),
        (61, '7223', 'Buckfastleigh', 99),
        (62, '7243', 'Chulmleigh', 99),
        (63, '7314', 'Cullompton', 99),
        (64, '7375', 'Exeter', 99),
        (65, '7464', 'Holsworthy', 99),
        (66, '7529', 'Ivybridge', 99),
        (67, '76', 'Ballater', 99),
        (68, '7639', 'Newton Abbot', 99),
        (69, '7749', 'Ottery St. Mary', 99),
        (70, '7775', 'Plymouth', 99),
        (71, '7879', 'Sidmouth', 99),
        (72, '7931', 'Tavistock', 99),
        (73, '7975', 'Tiverton', 99),
        (74, '8046', 'Totnes', 99),
        (75, '8089', 'Winkleigh', 99),
        (76, '8129', 'Beaminster', 99),
        (77, '8220', 'Bournemouth', 99),
        (78, '8295', 'Christchurch', 99),
        (79, '8501', 'Lyme Regis', 99),
        (80, '8533', 'Portland', 99),
        (81, '8621', 'Sturminster Newton', 99),
        (82, '8715', 'Weymouth', 99),
        (83, '8799', 'Annan', 99),
        (84, '8882', 'Langholm', 99),
        (85, '8916', 'Moffat', 99),
        (86, '8943', 'Alexandria', 99),
        (87, '8965', 'Dumbarton', 99),
        (88, '8982', 'Aberaeron', 99),
        (89, '90096', 'Letchworth Garden City', 99),
        (90, '90193', 'Prenton', 99),
        (91, '90207', 'Wadhurst', 99),
        (92, '9071', 'Boncath', 99),
        (93, '9085', 'Burry Port', 99),
        (94, '9196', 'Clarbeston Road', 99),
        (95, '9218', 'Crymych', 99),
        (96, '9231', 'Glogue', 99),
        (97, '9239', 'Haverfordwest', 99),
        (98, '9360', 'Lampeter', 99),
        (99, '940', 'Clevedon', 99),
        (100, '9408', 'Llandysul', 99),
        (101, '9481', 'Llanfyrnach', 99),
        (102, '9491', 'Llanon', 99),
        (103, '9508', 'Llanybydder', 99),
        (104, '9552', 'Narberth', 99),
        (105, '9603', 'Newport', 99),
        (106, '9634', 'Pembroke Dock', 99),
        (107, '9657', 'Talybont', 99),
        (108, '9690', 'Whitland', 99),
        (109, '971', 'Winscombe', 99),
        (110, '9728', 'Gullane', 99),
        (111, '9733', 'Humbie', 99),
        (112, '9742', 'Prestonpans', 99),
        (113, '9766', 'Bexhill-On-Sea', 99),
        (114, '9772', 'Brighton', 99),
        (115, '9800', 'Eastbourne', 99),
        (116, '9815', 'Hailsham', 99),
        (117, '9842', 'Hastings', 99),
        (118, '9876', 'Lewes', 99),
        (119, '9919', 'Pevensey', 99),
        (120, '9943', 'Robertsbridge', 99),
        (121, '9973', 'St. Leonards-On-Sea', 99),
        (122, 'UNDEF', 'Not Defined', 99),
        (123, '22669', 'Llanymynech', 99),
        (124, '22684', 'Machynlleth', 99),
        (125, '22720', 'Meifod', 99),
        (126, '22722', 'Montgomery', 99),
        (127, '22735', 'Newtown', 99),
        (128, '22752', 'Presteigne', 99),
        (129, '22780', 'Rhayader', 99),
        (130, '22789', 'Welshpool', 99),
        (131, '22836', 'Bishopton', 99),
        (132, '22841', 'Erskine', 99),
        (133, '22847', 'Greenock', 99),
        (134, '22860', 'Lochwinnoch', 99),
        (135, '22878', 'Port Glasgow', 99),
        (136, '22886', 'Achnasheen', 99),
        (137, '22926', 'Avoch', 99),
        (138, '22930', 'Dingwall', 99),
        (139, '22958', 'Gairloch', 99),
        (140, '22994', 'Invergordon', 99),
        (141, '23054', 'Munlochy', 99),
        (142, '23075', 'Strathpeffer', 99),
        (143, '23083', 'Tain', 99),
        (144, '23121', 'Hawick', 99),
        (145, '23156', 'Melrose', 99),
        (146, '23177', 'Galashiels', 99),
        (147, '23217', 'Bridgnorth', 99),
        (148, '23324', 'Bucknell', 99),
        (149, '23457', 'Ellesmere', 99),
        (150, '23554', 'Lydbury North', 99),
        (151, '23675', 'Newport', 99),
        (152, '23726', 'Oswestry', 99),
        (153, '23855', 'Shrewsbury', 99),
        (154, '24101', 'Whitchurch', 99),
        (155, '24178', 'Bridgwater', 99),
        (156, '24267', 'Castle Cary', 99),
        (157, '243', 'Turriff', 99),
        (158, '24314', 'Dulverton', 99),
        (159, '24375', 'Highbridge', 99),
        (160, '24387', 'Ilminster', 99),
        (161, '24433', 'Merriott', 99),
        (162, '24461', 'Montacute', 99),
        (163, '24514', 'South Petherton', 99),
        (164, '24526', 'Street', 99),
        (165, '24641', 'Watchet', 99),
        (166, '24696', 'Wells', 99),
        (167, '24757', 'Yeovil', 99),
        (168, '24847', 'Cardiff', 99),
        (169, '24946', 'Dinas Powys', 99),
        (170, '24964', 'Barnetby', 99),
        (171, '24978', 'Barton-On-Humber', 99),
        (172, '25010', 'Grimsby', 99),
        (173, '25054', 'Habrough', 99),
        (174, '25056', 'Scunthorpe', 99),
        (175, '25106', 'Ulceby', 99),
        (176, '25113', 'Barnsley', 99),
        (177, '25159', 'Doncaster', 99),
        (178, '2516', 'Alderley Edge', 99),
        (179, '2518', 'Altrincham', 99),
        (180, '25293', 'Mexborough', 99),
        (181, '25343', 'Sheffield', 99),
        (182, '2539', 'Chester', 99),
        (183, '25556', 'Leek', 99),
        (184, '25634', 'Rugeley', 99),
        (185, '25764', 'Stoke-On-Trent', 99),
        (186, '25954', 'Uttoxeter', 99),
        (187, '25989', 'Denny', 99),
        (188, '26022', 'Larbert', 99),
        (189, '26068', 'Aldeburgh', 99),
        (190, '26115', 'Bungay', 99),
        (191, '2619', 'Congleton', 99),
        (192, '26258', 'Felixstowe', 99),
        (193, '26298', 'Ipswich', 99),
        (194, '264', 'Arbroath', 99),
        (195, '26441', 'Saxmundham', 99),
        (196, '26470', 'Stowmarket', 99),
        (197, '26550', 'Woodbridge', 99),
        (198, '26620', 'Banstead', 99),
        (199, '26643', 'Carshalton', 99),
        (200, '26647', 'Chertsey', 99),
        (201, '26659', 'Coulsdon', 99),
        (202, '26667', 'Croydon', 99),
        (203, '26697', 'Egham', 99),
        (204, '26710', 'Farnham', 99),
        (205, '26759', 'Godstone', 99),
        (206, '26794', 'Hindhead', 99),
        (207, '26806', 'Kingston Upon Thames', 99),
        (208, '26818', 'Lightwater', 99),
        (209, '26826', 'Morden', 99),
        (210, '26830', 'Oxted', 99),
        (211, '26844', 'Reigate', 99),
        (212, '26850', 'South Croydon', 99),
        (213, '26861', 'Tadworth', 99),
        (214, '26869', 'Virginia Water', 99),
        (215, '26875', 'Walton-On-Thames', 99),
        (216, '26880', 'Weybridge', 99),
        (217, '2689', 'Hyde', 99),
        (218, '26910', 'Worcester Park', 99),
        (219, '26928', 'Forsinard', 99),
        (220, '26933', 'Helmsdale', 99),
        (221, '26995', 'Rogart', 99),
        (222, '26998', 'Blaydon-On-Tyne', 99),
        (223, '27003', 'Boldon Colliery', 99),
        (224, '27004', 'East Boldon', 99),
        (225, '27007', 'Gateshead', 99),
        (226, '27033', 'Hebburn', 99),
        (227, '27034', 'Houghton Le Spring', 99),
        (228, '27070', 'Jarrow', 99),
        (229, '27073', 'Newcastle Upon Tyne', 99),
        (230, '2708', 'Knutsford', 99),
        (231, '27214', 'Ryton', 99),
        (232, '27224', 'Sunderland', 99),
        (233, '27288', 'Whitley Bay', 99),
        (234, '27329', 'Atherstone', 99),
        (235, '2735', 'Macclesfield', 99),
        (236, '27435', 'Rugby', 99),
        (237, '27517', 'Stratford-Upon-Avon', 99),
        (238, '27620', 'Neath', 99),
        (239, '27683', 'Swansea', 99),
        (240, '27863', 'Bo''Ness', 99),
        (241, '27874', 'Linlithgow', 99),
        (242, '27893', 'South Queensferry', 99),
        (243, '27913', 'Birmingham', 99),
        (244, '28037', 'Coventry', 99),
        (245, '28094', 'Kingswinford', 99),
        (246, '28147', 'Stourbridge', 99),
        (247, '28213', 'Tipton', 99),
        (248, '2825', 'Nantwich', 99),
        (249, '28272', 'West Bromwich', 99),
        (250, '28389', 'Arundel', 99),
        (251, '28416', 'Bognor Regis', 99),
        (252, '28515', 'Crawley', 99),
        (253, '28537', 'Hassocks', 99),
        (254, '28575', 'Horsham', 99),
        (255, '28603', 'Lancing', 99),
        (256, '28634', 'Petworth', 99),
        (257, '28680', 'Steyning', 99),
        (258, '28694', 'Batley', 99),
        (259, '28710', 'Bradford', 99),
        (260, '28777', 'Castleford', 99),
        (261, '28821', 'Elland', 99),
        (262, '28876', 'Hebden Bridge', 99),
        (263, '29008', 'Ilkley', 99),
        (264, '29059', 'Leeds', 99),
        (265, '29135', 'Liversedge', 99),
        (266, '29146', 'Ossett', 99),
        (267, '29166', 'Pontefract', 99),
        (268, '29207', 'Sowerby Bridge', 99),
        (269, '29300', 'Newton Stewart', 99),
        (270, '29350', 'Bradford-On-Avon', 99),
        (271, '29369', 'Calne', 99),
        (272, '29395', 'Chippenham', 99),
        (273, '2940', 'Sale', 99),
        (274, '2944', 'Sandbach', 99),
        (275, '29466', 'Corsham', 99),
        (276, '29481', 'Devizes', 99),
        (277, '29522', 'Malmesbury', 99),
        (278, '29552', 'Marlborough', 99),
        (279, '29641', 'Pewsey', 99),
        (280, '2975', 'Stockport', 99),
        (281, '29921', 'Warminster', 99),
        (282, '29984', 'Broadway', 99),
        (283, '30025', 'Droitwich', 99),
        (284, '30176', 'Malvern', 99),
        (285, '3023', 'Tarporley', 99),
        (286, '30307', 'Tenbury Wells', 99),
        (287, '30476', 'Lynton', 99),
        (288, '305', 'Carnoustie', 99),
        (289, '31183', 'Shetland', 99),
        (290, '3119', 'Widnes', 99),
        (291, '3123', 'Wilmslow', 99),
        (292, '313', 'Dundee', 99),
        (293, '31352', 'Barrow-Upon-Humber', 99),
        (294, '3138', 'Alloa', 99),
        (295, '31424', 'Aylesford', 99),
        (296, '31437', 'Kidlington', 99),
        (297, '31504', 'Waterlooville', 99),
        (298, '3153', 'Clackmannan', 99),
        (299, '31550', 'St.Mary', 99),
        (300, '31614', 'Ardgay', 99),
        (301, '31669', 'Burford', 99),
        (302, '31684', 'Carterton', 99),
        (303, '31726', 'Abbots Langley', 99),
        (304, '31793', 'Woodstock', 99),
        (305, '31857', 'West Molesey', 99),
        (306, '31860', 'Addlestone', 99),
        (307, '31889', 'Aros', 99),
        (308, '31917', 'Poulton-Le-Fylde', 99),
        (309, '32292', 'Montgomery', 99),
        (310, '32515', 'St. Martins', 99),
        (311, '32606', 'Belper', 99),
        (312, '32645', 'Coalville', 99),
        (313, '32657', 'Ibstock', 99),
        (314, '32683', 'Watlington', 99),
        (315, '3273', 'Saltburn-By-The-Sea', 99),
        (316, '3339', 'Abergele', 99),
        (317, '3359', 'Colwyn Bay', 99),
        (318, '3399', 'Deeside', 99),
        (319, '3440', 'Holywell', 99),
        (320, '3474', 'Llangollen', 99),
        (321, '34908', 'Carrbridge', 99),
        (322, '3495', 'Mold', 99),
        (323, '34970', 'Guernsey', 99),
        (324, '34985', 'Douglas', 99),
        (325, '350', 'Forfar', 99),
        (326, '35033', 'Peel', 99),
        (327, '35042', 'Kirk Michael', 99),
        (328, '35106', 'Castletown', 99),
        (329, '35137', 'Port Erin', 99),
        (330, '35201', 'Isle Of Skye', 99),
        (331, '35334', 'Laxey', 99),
        (332, '35425', 'Stromness', 99),
        (333, '3571', 'St. Asaph', 99),
        (334, '35801', 'Jersey', 99),
        (335, '36007', 'Thatcham', 99),
        (336, '36078', 'Burntwood', 99),
        (337, '36236', 'Ty Croes', 99),
        (338, '36406', 'Milltimber', 99),
        (339, '36472', 'Sandhurst', 99),
        (340, '36507', 'High Peak', 99),
        (341, '36667', 'Y Felinheli', 99),
        (342, '36694', 'Cradley Heath', 99),
        (343, '36698', 'Smethwick', 99),
        (344, '36819', 'Enniskillen', 99),
        (345, '36843', 'Barnoldswick', 99),
        (346, '36972', 'Caergybi', 99),
        (347, '37271', 'Barri', 99),
        (348, '37292', 'Caerdydd', 99),
        (349, '37452', 'Llanilltud Fawr', 99),
        (350, '37524', 'Aberdyfi', 99),
        (351, '37589', 'Rhydaman', 99),
        (352, '37640', 'Bargod', 99),
        (353, '37649', 'Biwmares', 99),
        (354, '37692', 'Blaenau', 99),
        (355, '37697', 'Aberhonddu', 99),
        (356, '37809', 'Caerffili', 99),
        (357, '37851', 'Caerfyrddin', 99),
        (358, '37965', 'Caer', 99),
        (359, '38012', 'Cricieth', 99),
        (360, '38036', 'Glannau Dyfrdwy', 99),
        (361, '38080', 'Y Friog', 99),
        (362, '38090', 'Glan-Y-Fferi', 99),
        (363, '38101', 'Y Glog', 99),
        (364, '38202', 'Treffynnon', 99),
        (365, '38234', 'Cydweli', 99),
        (366, '3826', 'Camborne', 99),
        (367, '38301', 'Llanbryn-Mair', 99),
        (368, '38346', 'Cyffordd Llandudno', 99),
        (369, '38352', 'Llanerch-Y-Medd', 99),
        (370, '38360', 'Llangamarch', 99),
        (371, '38364', 'Llan-Non', 99),
        (372, '38369', 'Lanwrtyd', 99),
        (373, '38372', 'Porthaethwy', 99),
        (374, '38376', 'Merthyr Tudful', 99),
        (375, '38405', 'Aberdaugleddyf', 99),
        (376, '38433', 'Trefynwy', 99),
        (377, '38481', 'Aberpennar', 99),
        (378, '38551', 'Ceinewydd', 99),
        (379, '38561', 'Castell Newydd Emlyn', 99),
        (380, '38657', 'Y Drefnewydd', 99),
        (381, '38767', 'Doc Penfro', 99),
        (382, '38815', 'Pont-Y-Pwl', 99),
        (383, '3887', 'Camelford', 99),
        (384, '38901', 'Y Rhyl', 99),
        (385, '38939', 'Llanelwy', 99),
        (386, '38947', 'Dinbych-Y-Pysgod', 99),
        (387, '38980', 'Brynbuga', 99),
        (388, '3904', 'Delabole', 99),
        (389, '3911', 'Falmouth', 99),
        (390, '39340', 'Aberconwy', 99),
        (391, '39465', 'Caldicot', 99),
        (392, '39550', 'Caerphilly', 99),
        (393, '39559', 'Ellesmere Port', 99),
        (394, '39629', 'Market Deeping', 99),
        (395, '39680', 'Southam', 99),
        (396, '39750', 'Isle Of Rhum Dummy', 99),
        (397, '39905', 'St. Ives', 99),
        (398, '39908', 'St.Neots', 99),
        (399, '40161', 'Llannarth', 99),
        (400, '40231', 'Isles Of Scilly', 99),
        (401, '40383', 'Frome', 99),
        (402, '40509', 'Isle Of South Uist', 99),
        (403, '40595', 'Isle Of Arran', 99),
        (404, '40615', 'Isle Of Bute', 99),
        (405, '40658', 'Isle Of Tiree', 99),
        (406, '40714', 'Isle Of Man', 99),
        (407, '40885', 'Y Drenewydd', 99),
        (408, '4156', 'Lostwithiel', 99),
        (409, '4170', 'Marazion', 99),
        (410, '4236', 'Par', 99),
        (411, '432', 'Acharacle', 99),
        (412, '4328', 'Port Isaac', 99),
        (413, '445', 'Appin', 99),
        (414, '4511', 'St. Austell', 99),
        (415, '457', 'Cairndow', 99),
        (416, '4634', 'St. Ives', 99),
        (417, '10023', 'Winchelsea', 99),
        (418, '10028', 'Basildon', 99),
        (419, '10040', 'Billericay', 99),
        (420, '10089', 'Buckhurst Hill', 99),
        (421, '10091', 'Canvey Island', 99),
        (422, '10145', 'Chigwell', 99),
        (423, '1015', 'Darvel', 99),
        (424, '1018', 'Girvan', 99),
        (425, '10239', 'Dunmow', 99),
        (426, '10276', 'Grays', 99),
        (427, '10306', 'Harlow', 99),
        (428, '10325', 'Hockley', 99),
        (429, '10339', 'Ingatestone', 99),
        (430, '10351', 'Loughton', 99),
        (431, '10383', 'Ongar', 99),
        (432, '10404', 'Rayleigh', 99),
        (433, '10411', 'Romford', 99),
        (434, '1045', 'Kilmarnock', 99),
        (435, '10462', 'Southend-On-Sea', 99),
        (436, '10478', 'Stanford-Le-Hope', 99),
        (437, '10484', 'Stansted', 99),
        (438, '10486', 'Tilbury', 99),
        (439, '10487', 'Upminster', 99),
        (440, '10491', 'Waltham Abbey', 99),
        (441, '10496', 'Walton On The Naze', 99),
        (442, '10497', 'Westcliff-On-Sea', 99),
        (443, '10498', 'Wickford', 99),
        (444, '10504', 'Witham', 99),
        (445, '10516', 'Anstruther', 99),
        (446, '10529', 'Cowdenbeath', 99),
        (447, '1062', 'Kilwinning', 99),
        (448, '1063', 'Largs', 99),
        (449, '10651', 'Kelty', 99),
        (450, '10674', 'Leven', 99),
        (451, '10706', 'Newport-On-Tay', 99),
        (452, '1072', 'Maybole', 99),
        (453, '10763', 'Blakeney', 99),
        (454, '1084', 'Prestwick', 99),
        (455, '1087', 'Skelmorlie', 99),
        (456, '1090', 'Stevenston', 99),
        (457, '1091', 'Troon', 99),
        (458, '1097', 'Aberlour', 99),
        (459, '10998', 'Dursley', 99),
        (460, '11037', 'Gloucester', 99),
        (461, '11129', 'Longhope', 99),
        (462, '11136', 'Lydney', 99),
        (463, '1116', 'Banff', 99),
        (464, '11193', 'Newnham', 99),
        (465, '11226', 'Stroud', 99),
        (466, '1132', 'Buckie', 99),
        (467, '11365', 'Wotton-Under-Edge', 99),
        (468, '11454', 'Abertillery', 99),
        (469, '11498', 'Blaenavon', 99),
        (470, '11507', 'Chepstow', 99),
        (471, '11564', 'Ebbw Vale', 99),
        (472, '1159', 'Arlesey', 99),
        (473, '11616', 'Newport', 99),
        (474, '11740', 'Raglan', 99),
        (475, '11767', 'Usk', 99),
        (476, '11792', 'Amlwch', 99),
        (477, '11832', 'Bangor', 99),
        (478, '11869', 'Betws-Y-Coed', 99),
        (479, '11901', 'Bodorgan', 99),
        (480, '11972', 'Cemaes Bay', 99),
        (481, '11990', 'Criccieth', 99),
        (482, '12011', 'Dulas', 99),
        (483, '12016', 'Gaerwen', 99),
        (484, '12029', 'Harlech', 99),
        (485, '12066', 'Llanbedrgoch', 99),
        (486, '12067', 'Llandudno', 99),
        (487, '12072', 'Llandudno Junction', 99),
        (488, '12077', 'Llanerchymedd', 99),
        (489, '12085', 'Llanfairfechan', 99),
        (490, '12087', 'Llanfairpwllgwyngyll', 99),
        (491, '12094', 'Llangefni', 99),
        (492, '12104', 'Llanrwst', 99),
        (493, '12112', 'Llwyngwril', 99),
        (494, '12115', 'Menai Bridge', 99),
        (495, '12122', 'Penmaenmawr', 99),
        (496, '12133', 'Penysarn', 99),
        (497, '12135', 'Porthmadog', 99),
        (498, '12194', 'Rhosneigr', 99),
        (499, '12199', 'Talybont', 99),
        (500, '12208', 'Tyn-Y-Gongl', 99),
        (501, '12231', 'Alresford', 99),
        (502, '12292', 'Andover', 99),
        (503, '12460', 'Bordon', 99),
        (504, '12473', 'Eastleigh', 99),
        (505, '12509', 'Farnborough', 99),
        (506, '1255', 'Dunstable', 99),
        (507, '12565', 'Hayling Island', 99),
        (508, '12573', 'Liss', 99),
        (509, '12598', 'Lyndhurst', 99),
        (510, '12613', 'Petersfield', 99),
        (511, '12666', 'Ringwood', 99),
        (512, '12720', 'Rowland''s Castle', 99),
        (513, '12782', 'Southsea', 99),
        (514, '12804', 'Tidworth', 99),
        (515, '12862', 'Bromyard', 99),
        (516, '13083', 'Kington', 99),
        (517, '13150', 'Leominster', 99),
        (518, '13312', 'Barnet', 99),
        (519, '13334', 'Bishop''s Stortford', 99),
        (520, '13357', 'Buntingford', 99),
        (521, '1338', 'Sandy', 99),
        (522, '13409', 'Hertford', 99),
        (523, '13479', 'Hoddesdon', 99),
        (524, '13491', 'Letchworth', 99),
        (525, '13499', 'Potters Bar', 99),
        (526, '13521', 'Royston', 99),
        (527, '13557', 'St. Albans', 99),
        (528, '13587', 'Tring', 99),
        (529, '1365', 'Ascot', 99),
        (530, '13663', 'Welwyn', 99),
        (531, '13679', 'Aviemore', 99),
        (532, '13698', 'Boat Of Garten', 99),
        (533, '13701', 'Dalwhinnie', 99),
        (534, '13704', 'Fort William', 99),
        (535, '13721', 'Glenfinnan', 99),
        (536, '13723', 'Invergarry', 99),
        (537, '13725', 'Inverness', 99),
        (538, '1373', 'Bracknell', 99),
        (539, '1378', 'Crowthorne', 99),
        (540, '1379', 'Hungerford', 99),
        (541, '13791', 'Kingussie', 99),
        (542, '13800', 'Mallaig', 99),
        (543, '13808', 'Newtonmore', 99),
        (544, '13820', 'Tomatin', 99),
        (545, '13875', 'Isle Of Benbecula', 99),
        (546, '13905', 'Isle Of Canna', 99),
        (547, '13914', 'Millport', 99),
        (548, '13920', 'Isle Of Gigha', 99),
        (549, '13977', 'Leverburgh', 99),
        (550, '13986', 'Ballygrant', 99),
        (551, '13992', 'Bruichladdich', 99),
        (552, '14002', 'Port Ellen', 99),
        (553, '14014', 'Craighouse', 99),
        (554, '1412', 'Newbury', 99),
        (555, '14218', 'Lochmaddy', 99),
        (556, '14325', 'Stromness', 99),
        (557, '14338', 'Isle Of Scalpay', 99),
        (558, '14434', 'Breakish', 99),
        (559, '14454', 'Carbost', 99),
        (560, '14493', 'Portree', 99),
        (561, '14566', 'Tarskavaig', 99),
        (562, '14573', 'Lochboisdale', 99),
        (563, '14664', 'Cowes', 99),
        (564, '14670', 'Freshwater', 99),
        (565, '14718', 'Sandown', 99),
        (566, '14739', 'Totland Bay', 99),
        (567, '14766', 'Yarmouth', 99),
        (568, '14780', 'St Martins', 99),
        (569, '14781', 'St Marys', 99),
        (570, '14841', 'Beckenham', 99),
        (571, '14845', 'Bexley', 99),
        (572, '14855', 'Broadstairs', 99),
        (573, '14866', 'Canterbury', 99),
        (574, '14958', 'Cranbrook', 99),
        (575, '15012', 'Dover', 99),
        (576, '15063', 'Erith', 99),
        (577, '15091', 'Folkestone', 99),
        (578, '15115', 'Gravesend', 99),
        (579, '15142', 'Hythe', 99),
        (580, '15217', 'Margate', 99),
        (581, '15227', 'Orpington', 99),
        (582, '15252', 'Rochester', 99),
        (583, '15292', 'Sandwich', 99),
        (584, '15298', 'Sevenoaks', 99),
        (585, '15331', 'Sheerness', 99),
        (586, '15341', 'Sidcup', 99),
        (587, '15345', 'Sittingbourne', 99),
        (588, '15378', 'Snodland', 99),
        (589, '15379', 'Swanley', 99),
        (590, '15384', 'Swanscombe', 99),
        (591, '15385', 'Tenterden', 99),
        (592, '15390', 'Tonbridge', 99),
        (593, '15434', 'West Wickham', 99),
        (594, '15443', 'Westgate-On-Sea', 99),
        (595, '15471', 'Laurencekirk', 99),
        (596, '15494', 'Kinross', 99),
        (597, '15546', 'Kirkcudbright', 99),
        (598, '15566', 'Bellshill', 99),
        (599, '15597', 'Coatbridge', 99),
        (600, '15695', 'Lanark', 99),
        (601, '15734', 'Motherwell', 99),
        (602, '15754', 'Wishaw', 99),
        (603, '15774', 'Bacup', 99),
        (604, '158', 'Insch', 99),
        (605, '15861', 'Burnley', 99),
        (606, '15899', 'Carnforth', 99),
        (607, '15995', 'Colne', 99),
        (608, '16017', 'Heywood', 99),
        (609, '1606', 'Slough', 99),
        (610, '16073', 'Lytham St. Annes', 99),
        (611, '16180', 'Morecambe', 99),
        (612, '16221', 'Ormskirk', 99),
        (613, '16357', 'Rochdale', 99),
        (614, '16373', 'Rossendale', 99),
        (615, '16415', 'Todmorden', 99),
        (616, '16452', 'Ashby-De-La-Zouch', 99),
        (617, '16473', 'Leicester', 99),
        (618, '16605', 'Loughborough', 99),
        (619, '16674', 'Market Harborough', 99),
        (620, '1683', 'Earlston', 99),
        (621, '1687', 'Eyemouth', 99),
        (622, '1695', 'Gordon', 99),
        (623, '1701', 'Amersham', 99),
        (624, '171', 'Inverurie', 99),
        (625, '17140', 'Lincoln', 99),
        (626, '17454', 'Market Rasen', 99),
        (627, '17504', 'Sleaford', 99),
        (628, '17679', 'Stamford', 99),
        (629, '17728', 'Birkenhead', 99),
        (630, '17819', 'Newton-Le-Willows', 99),
        (631, '17842', 'Southport', 99),
        (632, '17881', 'Wallasey', 99),
        (633, '17887', 'Wirral', 99),
        (634, '17917', 'Aberdare', 99),
        (635, '17935', 'Bargoed', 99),
        (636, '17943', 'Bridgend', 99),
        (637, '1796', 'Beaconsfield', 99),
        (638, '1800', 'Bourne End', 99),
        (639, '1801', 'Buckingham', 99),
        (640, '18014', 'Caerphilly', 99),
        (641, '18036', 'Hengoed', 99),
        (642, '18079', 'Mountain Ash', 99),
        (643, '18119', 'Pontypridd', 99),
        (644, '18168', 'Porthcawl', 99),
        (645, '18194', 'Treorchy', 99),
        (646, '18204', 'Brentford', 99),
        (647, '18213', 'Feltham', 99),
        (648, '18220', 'Harrow', 99),
        (649, '18229', 'Hounslow', 99),
        (650, '18237', 'Northwood', 99),
        (651, '18246', 'Shepperton', 99),
        (652, '18249', 'Staines', 99),
        (653, '18255', 'Teddington', 99),
        (654, '18258', 'Uxbridge', 99),
        (655, '18277', 'Balerno', 99),
        (656, '18279', 'Currie', 99),
        (657, '18295', 'Gorebridge', 99),
        (658, '18305', 'Kirknewton', 99),
        (659, '18308', 'Loanhead', 99),
        (660, '18323', 'Pathhead', 99),
        (661, '18340', 'Rosewell', 99),
        (662, '18373', 'Fochabers', 99),
        (663, '18410', 'Lossiemouth', 99),
        (664, '18429', 'Attleborough', 99),
        (665, '1845', 'Chesham', 99),
        (666, '18496', 'Diss', 99),
        (667, '1859', 'Gerrards Cross', 99),
        (668, '1861', 'Great Missenden', 99),
        (669, '18666', 'Hunstanton', 99),
        (670, '18791', 'Melton Constable', 99),
        (671, '18821', 'Norwich', 99),
        (672, '19099', 'Swaffham', 99),
        (673, '19107', 'Thetford', 99),
        (674, '19169', 'Wells-Next-The-Sea', 99),
        (675, '19194', 'Beverley', 99),
        (676, '19226', 'Brough', 99),
        (677, '19322', 'Goole', 99),
        (678, '19384', 'Hornsea', 99),
        (679, '19473', 'Withernsea', 99),
        (680, '19508', 'Catterick Garrison', 99),
        (681, '19588', 'Hawes', 99),
        (682, '19597', 'Knaresborough', 99),
        (683, '19613', 'Leyburn', 99),
        (684, '19652', 'Malton', 99),
        (685, '19714', 'Northallerton', 99),
        (686, '19775', 'Pickering', 99),
        (687, '19799', 'Richmond', 99),
        (688, '19862', 'Ripon', 99),
        (689, '19922', 'Scarborough', 99),
        (690, '19962', 'Selby', 99),
        (691, '20017', 'Skipton', 99),
        (692, '20166', 'Whitby', 99),
        (693, '20217', 'York', 99),
        (694, '2056', 'Olney', 99),
        (695, '20602', 'Daventry', 99),
        (696, '2066', 'Dunbeath', 99),
        (697, '2076', 'Latheron', 99),
        (698, '2081', 'Thurso', 99),
        (699, '20861', 'Wellingborough', 99),
        (700, '20937', 'Bamburgh', 99),
        (701, '20946', 'Belford', 99),
        (702, '20984', 'Chathill', 99),
        (703, '21000', 'Corbridge', 99),
        (704, '21017', 'Haltwhistle', 99),
        (705, '21112', 'Mindrum', 99),
        (706, '21213', 'Newbiggin-By-The-Sea', 99),
        (707, '21223', 'Seahouses', 99),
        (708, '21235', 'Wooler', 99),
        (709, '21274', 'Newark', 99),
        (710, '2141', 'Cambridge', 99),
        (711, '21602', 'Sutton-In-Ashfield', 99),
        (712, '21692', 'Banbury', 99),
        (713, '21800', 'Chipping Norton', 99),
        (714, '21853', 'Henley-On-Thames', 99),
        (715, '22141', 'Thame', 99),
        (716, '22191', 'Witney', 99),
        (717, '22224', 'Walkerburn', 99),
        (718, '22232', 'Aberfeldy', 99),
        (719, '2226', 'Chatteris', 99),
        (720, '22283', 'Callander', 99),
        (721, '22309', 'Doune', 99),
        (722, '22336', 'Killin', 99),
        (723, '22351', 'Perth', 99),
        (724, '22430', 'Brecon', 99),
        (725, '22547', 'Caersws', 99),
        (726, '22596', 'Llanbrynmair', 99),
        (727, '22606', 'Llandinam', 99),
        (728, '22639', 'Llanfyllin', 99),
        (729, '22648', 'Llanidloes', 99),
        (730, '4646', 'Tintagel', 99),
        (731, '10537', 'Cupar', 99),
        (732, '10590', 'Dunfermline', 99),
        (733, '10625', 'Glenrothes', 99),
        (734, '10647', 'Inverkeithing', 99),
        (735, '1065', 'Mauchline', 99),
        (736, '10655', 'Kirkcaldy', 99),
        (737, '10698', 'Lochgelly', 99),
        (738, '107', 'Fraserburgh', 99),
        (739, '10712', 'St. Andrews', 99),
        (740, '10731', 'Tayport', 99),
        (741, '10734', 'Berkeley', 99),
        (742, '10772', 'Cheltenham', 99),
        (743, '1083', 'Newmilns', 99),
        (744, '1086', 'Saltcoats', 99),
        (745, '10874', 'Chipping Campden', 99),
        (746, '10884', 'Cinderford', 99),
        (747, '10900', 'Cirencester', 99),
        (748, '1093', 'West Kilbride', 99),
        (749, '10959', 'Coleford', 99),
        (750, '10992', 'Drybrook', 99),
        (751, '11020', 'Dymock', 99),
        (752, '11030', 'Fairford', 99),
        (753, '1107', 'Ballindalloch', 99),
        (754, '11114', 'Lechlade', 99),
        (755, '11133', 'Lydbrook', 99),
        (756, '11156', 'Mitcheldean', 99),
        (757, '11158', 'Moreton-In-Marsh', 99),
        (758, '11182', 'Newent', 99),
        (759, '11202', 'Ruardean', 99),
        (760, '11205', 'Stonehouse', 99),
        (761, '11294', 'Tetbury', 99),
        (762, '11319', 'Tewkesbury', 99),
        (763, '12203', 'Tycroes', 99),
        (764, '11353', 'Westbury-On-Severn', 99),
        (765, '11401', 'Abergavenny', 99),
        (766, '11468', 'Blackwood', 99),
        (767, '1147', 'Keith', 99),
        (768, '11503', 'Blaina', 99),
        (769, '11505', 'Brynmawr', 99),
        (770, '11544', 'Cwmbran', 99),
        (771, '1157', 'Macduff', 99),
        (772, '11574', 'Monmouth', 99),
        (773, '1160', 'Bedford', 99),
        (774, '11609', 'New Tredegar', 99),
        (775, '11700', 'Pontypool', 99),
        (776, '11751', 'Rhymney', 99),
        (777, '11755', 'Tredegar', 99),
        (778, '11791', 'Aberdovey', 99),
        (779, '11809', 'Arthog', 99),
        (780, '11810', 'Bala', 99),
        (781, '11860', 'Barmouth', 99),
        (782, '11862', 'Beaumaris', 99),
        (783, '11880', 'Blaenau Ffestiniog', 99),
        (784, '11912', 'Brynteg', 99),
        (785, '11913', 'Caernarfon', 99),
        (786, '11975', 'Conwy', 99),
        (787, '11996', 'Dolgellau', 99),
        (788, '12009', 'Dolwyddelan', 99),
        (789, '12013', 'Dyffryn Ardudwy', 99),
        (790, '12014', 'Fairbourne', 99),
        (791, '12021', 'Garn Dolbenmaen', 99),
        (792, '12033', 'Holyhead', 99),
        (793, '12065', 'Llanbedr', 99),
        (794, '12113', 'Marianglas', 99),
        (795, '12120', 'Moelfre', 99),
        (796, '12125', 'Penrhyndeudraeth', 99),
        (797, '12130', 'Pentraeth', 99),
        (798, '12134', 'Port Dinorwic', 99),
        (799, '12142', 'Pwllheli', 99),
        (800, '12193', 'Rhosgoch', 99),
        (801, '12195', 'Talsarnau', 99),
        (802, '12200', 'Trefriw', 99),
        (803, '490', 'Dunoon', 99),
        (804, '4917', 'Belfast', 99),
        (805, '4946', 'Carrickfergus', 99),
        (806, '4956', 'Larne', 99),
        (807, '4967', 'Lisburn', 99),
        (808, '4981', 'Portrush', 99),
        (809, '4988', 'Armagh', 99),
        (810, '5015', 'Craigavon', 99),
        (811, '5057', 'Banbridge', 99),
        (812, '5066', 'Bangor', 99),
        (813, '5070', 'Castlewellan', 99),
        (814, '5076', 'Donaghadee', 99),
        (815, '5103', 'Dromore', 99),
        (816, '5106', 'Holywood', 99),
        (817, '5107', 'Newcastle', 99),
        (818, '512', 'Kinlochleven', 99),
        (819, '513', 'Lochgilphead', 99),
        (820, '5166', 'Barnard Castle', 99),
        (821, '5257', 'Chester Le Street', 99),
        (822, '5315', 'Crook', 99),
        (823, '532', 'Oban', 99),
        (824, '5378', 'Durham', 99),
        (825, '12219', 'Aldershot', 99),
        (826, '12210', 'Tywyn', 99),
        (827, '12256', 'Alton', 99),
        (828, '12379', 'Basingstoke', 99),
        (829, '1240', 'Biggleswade', 99),
        (830, '12469', 'Brockenhurst', 99),
        (831, '12480', 'Emsworth', 99),
        (832, '12490', 'Fareham', 99),
        (833, '12512', 'Fordingbridge', 99),
        (834, '12555', 'Gosport', 99),
        (835, '5451', 'Ferryhill', 99),
        (836, '5468', 'Peterlee', 99),
        (837, '5475', 'Seaham', 99),
        (838, '5493', 'Spennymoor', 99),
        (839, '5528', 'Trimdon Station', 99),
        (840, '5532', 'Wingate', 99),
        (841, '5537', 'Coleraine', 99),
        (842, '5567', 'Londonderry', 99),
        (843, '5599', 'Maghera', 99),
        (844, '5621', 'Portstewart', 99),
        (845, '5623', 'Augher', 99),
        (846, '5627', 'Caledon', 99),
        (847, '5636', 'Clogher', 99),
        (848, '5638', 'Cookstown', 99),
        (849, '568', 'Tarbert', 99),
        (850, '5681', 'Fivemiletown', 99),
        (851, '5723', 'Strabane', 99),
        (852, '5746', 'Ambleside', 99),
        (853, '5772', 'Appleby-In-Westmorland', 99),
        (854, '5799', 'Barrow-In-Furness', 99),
        (855, '5816', 'Beckermet', 99),
        (856, '5818', 'Brampton', 99),
        (857, '5847', 'Carlisle', 99),
        (858, '595', 'Badminton', 99),
        (859, '606', 'Bath', 99),
        (860, '6106', 'Cleator', 99),
        (861, '6109', 'Cleator Moor', 99),
        (862, '6151', 'Coniston', 99),
        (863, '6160', 'Egremont', 99),
        (864, '6173', 'Frizington', 99),
        (865, '6195', 'Holmrook', 99),
        (866, '6205', 'Kendal', 99),
        (867, '9584', 'Newcastle Emlyn', 99),
        (868, '9608', 'Pembroke', 99),
        (869, '9641', 'Pencader', 99),
        (870, '9647', 'Saundersfoot', 99),
        (871, '9661', 'Tenby', 99),
        (872, '9681', 'Tregaron', 99),
        (873, '9708', 'Ystrad Meurig', 99),
        (874, '9718', 'Dunbar', 99),
        (875, '9727', 'East Linton', 99),
        (876, '9729', 'Haddington', 99),
        (877, '9734', 'Longniddry', 99),
        (878, '9736', 'North Berwick', 99),
        (879, '9745', 'Tranent', 99),
        (880, '9755', 'Battle', 99),
        (881, '977', 'Ardrossan', 99),
        (882, '978', 'Ayr', 99),
        (883, '9788', 'Crowborough', 99),
        (884, '9807', 'Etchingham', 99),
        (885, '9813', 'Forest Row', 99),
        (886, '9837', 'Hartfield', 99),
        (887, '9853', 'Heathfield', 99),
        (888, '9875', 'Hove', 99),
        (889, '9907', 'Mayfield', 99),
        (890, '9913', 'Newhaven', 99),
        (891, '9926', 'Polegate', 99),
        (892, '9951', 'Rye', 99),
        (893, '9966', 'Seaford', 99),
        (894, '9977', 'Uckfield', 99),
        (895, '998', 'Beith', 99),
        (896, '38909', 'Rhymni', 99),
        (897, '38913', 'Rhuthun', 99),
        (898, '38945', 'Tal-Y-Bont', 99),
        (899, '38965', 'Tredegyr', 99),
        (900, '38975', 'Treorci', 99),
        (901, '39001', 'Y Trallwng', 99),
        (902, '39062', 'Hendy-Gwyn', 99),
        (903, '39078', 'Wrecsam', 99),
        (904, '39153', 'Y Barri', 99),
        (905, '3927', 'Fowey', 99),
        (906, '3936', 'Gunnislake', 99),
        (907, '3951', 'Hayle', 99),
        (908, '39544', 'Tempnewport', 99),
        (909, '39555', 'Prenton', 99),
        (910, '39558', 'Neston', 99),
        (911, '396', 'Kirriemuir', 99),
        (912, '3966', 'Helston', 99),
        (913, '39668', 'Frodsham', 99),
        (914, '39747', 'Cfieff', 99),
        (915, '39769', 'Christchurch', 99),
        (916, '39779', 'Isle Of Rum', 99),
        (917, '39907', 'St. Neots', 99),
        (918, '40065', 'Porth Tywyn', 99),
        (919, '4011', 'Launceston', 99),
        (920, '40163', 'Aberdaugleddau', 99),
        (921, '40242', 'Bushey', 99),
        (922, '40356', 'Radstock', 99),
        (923, '40386', 'Isle Of Harris', 99),
        (924, '40447', 'Isle Of North Uist', 99),
        (925, '40566', 'Isle Of Barra', 99),
        (926, '40613', 'Isle Of Cumbrae', 99),
        (927, '6276', 'Kirkby Stephen', 99),
        (928, '6305', 'Maryport', 99),
        (929, '6319', 'Millom', 99),
        (930, '6353', 'Moor Row', 99),
        (931, '6484', 'Ravenglass', 99),
        (932, '6488', 'Seascale', 99),
        (933, '6513', 'St. Bees', 99),
        (934, '6514', 'Ulverston', 99),
        (935, '6581', 'Wigton', 99),
        (936, '6623', 'Workington', 99),
        (937, '6647', 'Ashbourne', 99),
        (938, '7087', 'Barnstaple', 99),
        (939, '7144', 'Beaworthy', 99),
        (940, '7194', 'Braunton', 99),
        (941, '7213', 'Brixham', 99),
        (942, '7232', 'Budleigh Salterton', 99),
        (943, '7255', 'Colyton', 99),
        (944, '7262', 'Crediton', 99),
        (945, '7347', 'Dartmouth', 99),
        (946, '7369', 'Dawlish', 99),
        (947, '7457', 'Exmouth', 99),
        (948, '7490', 'Honiton', 99),
        (949, '7521', 'Ilfracombe', 99),
        (950, '7558', 'Kingsbridge', 99),
        (951, '7622', 'Lifton', 99),
        (952, '7632', 'Lynmouth', 99),
        (953, '7712', 'North Tawton', 99),
        (954, '7715', 'Okehampton', 99),
        (955, '7765', 'Paignton', 99),
        (956, '7870', 'Salcombe', 99),
        (957, '7875', 'Seaton', 99),
        (958, '7899', 'South Brent', 99),
        (959, '7907', 'South Molton', 99),
        (960, '7969', 'Teignmouth', 99),
        (961, '8021', 'Torquay', 99),
        (962, '8031', 'Torrington', 99),
        (963, '8078', 'Umberleigh', 99),
        (964, '22839', 'Bridge Of Weir', 99),
        (965, '22846', 'Gourock', 99),
        (966, '22850', 'Johnstone', 99),
        (967, '22859', 'Kilmacolm', 99),
        (968, '22862', 'Paisley', 99),
        (969, '22880', 'Renfrew', 99),
        (970, '22884', 'Wemyss Bay', 99),
        (971, '22913', 'Alness', 99),
        (972, '22921', 'Ardgay', 99),
        (973, '22929', 'Cromarty', 99),
        (974, '22952', 'Evanton', 99),
        (975, '22955', 'Fortrose', 99),
        (976, '22970', 'Garve', 99),
        (977, '23009', 'Kyle', 99),
        (978, '23038', 'Muir Of Ord', 99),
        (979, '23056', 'Plockton', 99),
        (980, '23058', 'Strathcarron', 99),
        (981, '40622', 'Isle Of Islay', 99),
        (982, '40650', 'Isle Of Jura', 99),
        (983, '40690', 'Leyland', 99),
        (984, '40697', 'Holmfirth', 99),
        (985, '4083', 'Liskeard', 99),
        (986, '40903', 'Bont-Faen', 99),
        (987, '4131', 'Looe', 99),
        (988, '416', 'Montrose', 99),
        (989, '4171', 'Newquay', 99),
        (990, '4220', 'Padstow', 99),
        (991, '4252', 'Penryn', 99),
        (992, '4279', 'Penzance', 99),
        (993, '4323', 'Perranporth', 99),
        (994, '4334', 'Redruth', 99),
        (995, '4439', 'Saltash', 99),
        (996, '4485', 'St. Agnes', 99),
        (997, '451', 'Ballachulish', 99),
        (998, '456', 'Bridge Of Orchy', 99),
        (999, '4611', 'St. Columb', 99),
        (1000, '462', 'Campbeltown', 99),
        (1001, '8098', 'Woolacombe', 99),
        (1002, '8100', 'Yelverton', 99),
        (1003, '8146', 'Blandford Forum', 99),
        (1004, '8234', 'Bridport', 99),
        (1005, '8293', 'Broadstone', 99),
        (1006, '8324', 'Dorchester', 99),
        (1007, '8471', 'Gillingham', 99),
        (1008, '8507', 'Poole', 99),
        (1009, '8539', 'Shaftesbury', 99),
        (1010, '8570', 'Sherborne', 99),
        (1011, '8657', 'Swanage', 99),
        (1012, '8662', 'Wareham', 99),
        (1013, '8740', 'Wimborne', 99),
        (1014, '8812', 'Canonbie', 99),
        (1015, '8818', 'Dumfries', 99),
        (1016, '8887', 'Lockerbie', 99),
        (1017, '8920', 'Sanquhar', 99),
        (1018, '8925', 'Thornhill', 99),
        (1019, '8954', 'Arrochar', 99),
        (1020, '8960', 'Clydebank', 99),
        (1021, '8971', 'Helensburgh', 99),
        (1022, '8987', 'Aberystwyth', 99),
        (1023, '90089', 'Henley-In-Arden', 99),
        (1024, '90107', 'Bognor Regis', 99),
        (1025, '90202', 'Prenton Do', 99),
        (1026, '90206', 'Mayfield', 99),
        (1027, '9035', 'Ammanford', 99),
        (1028, '9077', 'Borth', 99),
        (1029, '9081', 'Bow Street', 99),
        (1030, '9091', 'Cardigan', 99),
        (1031, '9121', 'Carmarthen', 99),
        (1032, '9203', 'Clynderwen', 99),
        (1033, '9224', 'Ferryside', 99),
        (1034, '9225', 'Fishguard', 99),
        (1035, '23081', 'Strome Ferry', 99),
        (1036, '231', 'Skene', 99),
        (1037, '23108', 'Ullapool', 99),
        (1038, '23131', 'Jedburgh', 99),
        (1039, '23139', 'Kelso', 99),
        (1040, '23173', 'Newcastleton', 99),
        (1041, '23184', 'Selkirk', 99),
        (1042, '23197', 'Bishops Castle', 99),
        (1043, '23313', 'Broseley', 99),
        (1044, '23337', 'Church Stretton', 99),
        (1045, '23384', 'Craven Arms', 99),
        (1046, '23502', 'Ludlow', 99),
        (1047, '23566', 'Market Drayton', 99),
        (1048, '23652', 'Much Wenlock', 99),
        (1049, '2371', 'March', 99),
        (1050, '2378', 'Peterborough', 99),
        (1051, '23794', 'Shifnal', 99),
        (1052, '239', 'Strathdon', 99),
        (1053, '24001', 'Telford', 99),
        (1054, '24160', 'Axbridge', 99),
        (1055, '24255', 'Bruton', 99),
        (1056, '24264', 'Burnham-On-Sea', 99),
        (1057, '24276', 'Chard', 99),
        (1058, '24297', 'Cheddar', 99),
        (1059, '24302', 'Crewkerne', 99),
        (1060, '24323', 'Frome', 99),
        (1061, '24358', 'Glastonbury', 99),
        (1062, '24384', 'Hinton St. George', 99),
        (1063, '24405', 'Langport', 99),
        (1064, '24425', 'Martock', 99),
        (1065, '24434', 'Minehead', 99),
        (1066, '24462', 'Shepton Mallet', 99),
        (1067, '24501', 'Somerton', 99),
        (1068, '24522', 'Stoke-Sub-Hamdon', 99),
        (1069, '24529', 'Taunton', 99),
        (1070, '24633', 'Templecombe', 99),
        (1071, '24647', 'Wedmore', 99),
        (1072, '10001', 'Wadhurst', 99),
        (1073, '10027', 'Barking', 99),
        (1074, '10034', 'Benfleet', 99),
        (1075, '1004', 'Cumnock', 99),
        (1076, '10046', 'BRAINTREE', 99),
        (1077, '10070', 'Brentwood', 99),
        (1078, '10090', 'Burnham-On-Crouch', 99),
        (1079, '10092', 'Chelmsford', 99),
        (1080, '1014', 'Dalry', 99),
        (1081, '10146', 'Clacton-On-Sea', 99),
        (1082, '1016', 'Galston', 99),
        (1083, '10161', 'Colchester', 99),
        (1084, '10238', 'Dagenham', 99),
        (1085, '10262', 'Epping', 99),
        (1086, '10272', 'Frinton-On-Sea', 99),
        (1087, '10283', 'Halstead', 99),
        (1088, '10318', 'Harwich', 99),
        (1089, '1032', 'Irvine', 99),
        (1090, '10328', 'Hornchurch', 99),
        (1091, '10330', 'Ilford', 99),
        (1092, '10349', 'Leigh-On-Sea', 99),
        (1093, '10354', 'Maldon', 99),
        (1094, '10373', 'Manningtree', 99),
        (1095, '10402', 'Purfleet', 99),
        (1096, '10403', 'Rainham', 99),
        (1097, '10405', 'Rochford', 99),
        (1098, '10426', 'Saffron Walden', 99),
        (1099, '1044', 'Kilbirnie', 99),
        (1100, '10461', 'South Ockendon', 99),
        (1101, '10469', 'Southminster', 99),
        (1102, '10512', 'Woodford Green', 99),
        (1103, '10526', 'Burntisland', 99),
        (1104, '24670', 'Wellington', 99),
        (1105, '24734', 'Wincanton', 99),
        (1106, '2477', 'Wisbech', 99),
        (1107, '24821', 'Barry', 99),
        (1108, '24914', 'Cowbridge', 99),
        (1109, '24949', 'Llantwit Major', 99),
        (1110, '24955', 'Penarth', 99),
        (1111, '24974', 'Barrow-On-Humber', 99),
        (1112, '24989', 'Brigg', 99),
        (1113, '25009', 'Cleethorpes', 99),
        (1114, '25296', 'Rotherham', 99),
        (1115, '2535', 'Cheadle', 99),
        (1116, '25479', 'Burton-On-Trent', 99),
        (1117, '25540', 'Cannock', 99),
        (1118, '25579', 'Lichfield', 99),
        (1119, '25607', 'Newcastle', 99),
        (1120, '25656', 'Stafford', 99),
        (1121, '25888', 'Stone', 99),
        (1122, '25912', 'Tamworth', 99),
        (1123, '25980', 'Bonnybridge', 99),
        (1124, '25993', 'Falkirk', 99),
        (1125, '26020', 'Grangemouth', 99),
        (1126, '26025', 'Stirling', 99),
        (1127, '26069', 'Beccles', 99),
        (1128, '26107', 'Brandon', 99),
        (1129, '26133', 'Bures', 99),
        (1130, '26137', 'Bury St. Edmunds', 99),
        (1131, '26233', 'Eye', 99),
        (1132, '26259', 'Halesworth', 99),
        (1133, '26285', 'Haverhill', 99),
        (1134, '26387', 'Leiston', 99),
        (1135, '26393', 'Lowestoft', 99),
        (1136, '26407', 'Newmarket', 99),
        (1137, '2646', 'Crewe', 99),
        (1138, '26465', 'Southwold', 99),
        (1139, '26514', 'Sudbury', 99),
        (1140, '26618', 'Ashtead', 99),
        (1141, '26619', 'Bagshot', 99),
        (1142, '26621', 'Betchworth', 99),
        (1143, '26625', 'Camberley', 99),
        (1144, '9334', 'Kidwelly', 99),
        (1145, '9346', 'Kilgetty', 99),
        (1146, '9382', 'Llanarth', 99),
        (1147, '9384', 'Llandeilo', 99),
        (1148, '9401', 'Llandovery', 99),
        (1149, '9442', 'Llanelli', 99),
        (1150, '947', 'Weston-Super-Mare', 99),
        (1151, '9488', 'Llangadog', 99),
        (1152, '9496', 'Llanrhystyd', 99),
        (1153, '9499', 'Llanwrda', 99),
        (1154, '9233', 'Goodwick', 99),
        (1155, '9523', 'Milford Haven', 99),
        (1156, '9580', 'New Quay', 99),
        (1157, '26644', 'Caterham', 99),
        (1158, '26651', 'Chessington', 99),
        (1159, '26653', 'Cobham', 99),
        (1160, '26664', 'Cranleigh', 99),
        (1161, '26675', 'Dorking', 99),
        (1162, '26695', 'East Molesey', 99),
        (1163, '26699', 'Epsom', 99),
        (1164, '26706', 'Esher', 99),
        (1165, '26738', 'Godalming', 99),
        (1166, '26761', 'Guildford', 99),
        (1167, '26787', 'Haslemere', 99),
        (1168, '26797', 'Horley', 99),
        (1169, '26805', 'Kenley', 99),
        (1170, '26809', 'Leatherhead', 99),
        (1171, '26819', 'Lingfield', 99),
        (1172, '26824', 'Mitcham', 99),
        (1173, '26827', 'New Malden', 99),
        (1174, '26834', 'Purley', 99),
        (1175, '26836', 'Redhill', 99),
        (1176, '26847', 'Richmond', 99),
        (1177, '26854', 'Surbiton', 99),
        (1178, '26858', 'Sutton', 99),
        (1179, '26867', 'Thames Ditton', 99),
        (1180, '26868', 'Thornton Heath', 99),
        (1181, '26873', 'Wallington', 99),
        (1182, '26879', 'Warlingham', 99),
        (1183, '2688', 'Dukinfield', 99),
        (1184, '26889', 'Whyteleafe', 99),
        (1185, '26890', 'Windlesham', 99),
        (1186, '26891', 'Woking', 99),
        (1187, '26913', 'Brora', 99),
        (1188, '26917', 'Dornoch', 99),
        (1189, '26931', 'Golspie', 99),
        (1190, '26941', 'Kinbrace', 99),
        (1191, '26943', 'Lairg', 99),
        (1192, '27200', 'North Shields', 99),
        (1193, '27207', 'Rowlands Gill', 99),
        (1194, '27222', 'South Shields', 99),
        (1195, '27271', 'Wallsend', 99),
        (1196, '27275', 'Washington', 99),
        (1197, '2729', 'Lymm', 99),
        (1198, '27299', 'Alcester', 99),
        (1199, '27349', 'Kenilworth', 99),
        (1200, '27354', 'Leamington Spa', 99),
        (1201, '27392', 'Nuneaton', 99),
        (1202, '27495', 'Shipston-On-Stour', 99),
        (1203, '27557', 'Studley', 99),
        (1204, '27565', 'Warwick', 99),
        (1205, '27660', 'Port Talbot', 99),
        (1206, '2772', 'Malpas', 99),
        (1207, '27851', 'Bathgate', 99),
        (1208, '27865', 'Broxburn', 99),
        (1209, '27873', 'Kirkliston', 99),
        (1210, '27880', 'Livingston', 99),
        (1211, '27896', 'West Calder', 99),
        (1212, '27904', 'Bilston', 99),
        (1213, '28031', 'Brierley Hill', 99),
        (1214, '28067', 'Dudley', 99),
        (1215, '28084', 'Halesowen', 99),
        (1216, '28099', 'Solihull', 99),
        (1217, '2812', 'Middlewich', 99),
        (1218, '28188', 'Sutton Coldfield', 99),
        (1219, '28223', 'Walsall', 99),
        (1220, '28248', 'Warley', 99),
        (1221, '28269', 'Wednesbury', 99),
        (1222, '28286', 'Willenhall', 99),
        (1223, '28292', 'Wolverhampton', 99),
        (1224, '28407', 'Billingshurst', 99),
        (1225, '28431', 'Burgess Hill', 99),
        (1226, '28432', 'Chichester', 99),
        (1227, '28527', 'East Grinstead', 99),
        (1228, '28549', 'Haywards Heath', 99),
        (1229, '28568', 'Henfield', 99),
        (1230, '286', 'Brechin', 99),
        (1231, '28606', 'Littlehampton', 99),
        (1232, '28614', 'Midhurst', 99),
        (1233, '28655', 'Pulborough', 99),
        (1234, '28679', 'Shoreham-By-Sea', 99),
        (1235, '28685', 'Worthing', 99),
        (1236, '28699', 'Bingley', 99),
        (1237, '2870', 'Northwich', 99),
        (1238, '28768', 'Brighouse', 99),
        (1239, '28787', 'Cleckheaton', 99),
        (1240, '28797', 'Dewsbury', 99),
        (1241, '28823', 'Halifax', 99),
        (1242, '28890', 'Heckmondwike', 99),
        (1243, '28891', 'Huddersfield', 99),
        (1244, '29017', 'Keighley', 99),
        (1245, '29052', 'Knottingley', 99),
        (1246, '2911', 'Runcorn', 99),
        (1247, '29142', 'Mirfield', 99),
        (1248, '29144', 'Normanton', 99),
        (1249, '29149', 'Otley', 99),
        (1250, '29192', 'Pudsey', 99),
        (1251, '29197', 'Shipley', 99),
        (1252, '29216', 'Wakefield', 99),
        (1253, '29279', 'Wetherby', 99),
        (1254, '29332', 'Stranraer', 99),
        (1255, '29627', 'Melksham', 99),
        (1256, '2963', 'Stalybridge', 99),
        (1257, '29679', 'Salisbury', 99),
        (1258, '29816', 'Swindon', 99),
        (1259, '29906', 'Trowbridge', 99),
        (1260, '29956', 'Westbury', 99),
        (1261, '29969', 'Bewdley', 99),
        (1262, '29998', 'Bromsgrove', 99),
        (1263, '30074', 'Evesham', 99),
        (1264, '30110', 'Kidderminster', 99),
        (1265, '30220', 'Pershore', 99),
        (1266, '30254', 'Redditch', 99),
        (1267, '30290', 'Stourport-On-Severn', 99),
        (1268, '30334', 'Worcester', 99),
        (1269, '30477', 'Dunvegan', 99),
        (1270, '30478', 'London', 99),
        (1271, '3053', 'Warrington', 99),
        (1272, '30869', 'Fleet', 99),
        (1273, '31184', 'Gatwick', 99),
        (1274, '31190', 'Peacehaven', 99),
        (1275, '31222', 'St Helens', 99),
        (1276, '31252', 'St Austell', 99),
        (1277, 'LOND3', 'Redbridge', 99),
        (1278, 'LOND46', 'Kensington', 99),
        (1279, 'LOND28', 'Newham', 99),
        (1280, 'LOND32', 'Waltham Forest', 99),
        (1281, 'LOND22', 'Ealing', 99),
        (1282, 'LOND9', 'Camberwell', 99),
        (1283, 'LOND23', 'Wandsworth', 99),
        (1284, 'LOND44', 'Redbridge', 99),
        (1285, 'LOND19', 'Walthamstow', 99),
        (1286, 'LOND38', 'Hackney', 99),
        (1287, '3128', 'Winsford', 99),
        (1288, '31341', 'Barton-Upon-Humber', 99),
        (1289, '31371', 'Longfield', 99),
        (1290, '31374', 'Bury St.Edmonds', 99),
        (1291, '31387', 'St Agnes', 99),
        (1292, '31428', 'West Malling', 99),
        (1293, '31496', 'St. Marys', 99),
        (1294, '31501', 'St. Agnes', 99),
        (1295, '3152', 'Alva', 99),
        (1296, '3154', 'Dollar', 99),
        (1297, '31601', 'Ferndown', 99),
        (1298, '31656', 'Bampton', 99),
        (1299, '3166', 'Menstrie', 99),
        (1300, '3167', 'Tillicoultry', 99),
        (1301, '31696', 'Swadlincote', 99),
        (1302, '3171', 'Billingham', 99),
        (1303, '31728', 'Verwood', 99),
        (1304, '31750', 'Maesteg', 99),
        (1305, '3182', 'Guisborough', 99),
        (1306, '31858', 'West Byfleet', 99),
        (1307, '3186', 'Hartlepool', 99),
        (1308, '31872', 'Bury St. Edmunds', 99),
        (1309, '31915', 'Thornton-Cleveleys', 99),
        (1310, '31951', 'Henley-On Thames', 99),
        (1311, '3205', 'Middlesbrough', 99),
        (1312, '32451', 'Lerwick', 99),
        (1313, '32556', 'Billinghurst', 99),
        (1314, '32561', 'Alfreton', 99),
        (1315, '32627', 'Ripley', 99),
        (1316, '3264', 'Redcar', 99),
        (1317, '32655', 'Wigston', 99),
        (1318, '32659', 'Markfield', 99),
        (1319, '32677', 'Chinnor', 99),
        (1320, '32693', 'Princes Risborough', 99),
        (1321, '3298', 'Stockton-On-Tees', 99),
        (1322, '3326', 'Yarm', 99),
        (1323, '3356', 'Bagillt', 99),
        (1324, '3357', 'Buckley', 99),
        (1325, '3374', 'Corwen', 99),
        (1326, '3414', 'Denbigh', 99),
        (1327, 'LOND6', 'Brent', 99),
        (1328, 'LOND21', 'Wimbledon', 99),
        (1329, 'LOND25', 'Southwark', 99),
        (1330, 'LOND34', 'Greenwich', 99),
        (1331, 'LOND16', 'Stratford', 99),
        (1332, 'LOND1', 'Acton', 99),
        (1333, 'LOND41', 'Lambeth', 99),
        (1334, 'LOND33', 'Hammersmith', 99),
        (1335, '3438', 'Flint', 99),
        (1336, '35057', 'Ramsey', 99),
        (1337, '35108', 'Ballasalla', 99),
        (1338, '35160', 'Port St. Mary', 99),
        (1339, '35181', 'Gretna', 99),
        (1340, '3531', 'Prestatyn', 99),
        (1341, '3535', 'Rhyl', 99),
        (1342, '35420', 'Kirkwall', 99),
        (1343, '3544', 'Ruthin', 99),
        (1344, '35659', 'Llanrhystud', 99),
        (1345, '3578', 'Wrexham', 99),
        (1346, '35976', 'Truro', 99),
        (1347, '35989', 'Tadley', 99),
        (1348, '36042', 'Hook', 99),
        (1349, '36146', 'Swadlingcote', 99),
        (1350, '36217', 'Garndolbenmaen', 99),
        (1351, '36405', 'Peterculter', 99),
        (1352, '36407', 'Westhill', 99),
        (1353, '36471', 'Yateley', 99),
        (1354, '3648', 'Holywell', 99),
        (1355, '3650', 'Bodmin', 99),
        (1356, '36645', 'Stockport', 99),
        (1357, '36670', 'Hope Valley', 99),
        (1358, '36684', 'Dronfield', 99),
        (1359, '36696', 'Rowley Regis', 99),
        (1360, '36701', 'Oldbury', 99),
        (1361, '36705', 'Immingham', 99),
        (1362, '36840', 'Bedworth', 99),
        (1363, '36896', 'Banwell', 99),
        (1364, '36935', 'Yr Wyddgrug', 99),
        (1365, '37002', 'Abertawe', 99),
        (1366, '3722', 'Boscastle', 99),
        (1367, '3728', 'Bude', 99),
        (1368, '37351', 'Pen-Y-Bont Ar Ogwr', 99),
        (1369, '37420', 'Y Bontfaen', 99),
        (1370, '37507', 'Aberdar', 99),
        (1371, '37525', 'Y Fenni', 99),
        (1372, 'LOND43', 'Merton', 99),
        (1373, 'LOND40', 'Islington', 99),
        (1374, 'LOND36', 'Camden', 99),
        (1375, 'LOND47', 'Chiswick', 99),
        (1376, 'LOND39', 'Fulham', 99),
        (1377, 'LOND12', 'Haringey', 99),
        (1378, 'LOND14', 'Havering', 99),
        (1379, 'LOND31', 'Hillingdon', 99),
        (1380, 'LOND42', 'Lewisham', 99),
        (1381, 'LOND37', 'Westminster', 99),
        (1382, 'LOND2', 'Balham', 99),
        (1383, 'LOND45', 'Chelsea', 99),
        (1384, 'LOND30', 'Tower Hamlets', 99),
        (1385, '37579', 'Abertyleri', 99),
        (1386, '37618', 'Y Bala', 99),
        (1387, '3763', 'Callington', 99),
        (1388, '37647', 'Abermo', 99),
        (1389, '37656', 'Coed-Duon', 99),
        (1390, '37688', 'Blaenafon', 99),
        (1391, '37693', 'Y Borth', 99),
        (1392, '37777', 'Bwcle', 99),
        (1393, '37779', 'Llanfair-Ym-Muallt', 99),
        (1394, '37821', 'Aberteifi', 99),
        (1395, '37925', 'Cemais', 99),
        (1396, '37928', 'Cas-Gwent', 99),
        (1397, '37983', 'Clunderwen', 99),
        (1398, '37997', 'Bae Colwyn', 99),
        (1399, '38018', 'Crucywel', 99),
        (1400, '38050', 'Dinbych', 99),
        (1401, '38071', 'Glynebwy', 99),
        (1402, '38082', 'Glynrhedyn', 99),
        (1403, '38091', 'Abergwaun', 99),
        (1404, '38098', 'Y Fflint', 99),
        (1405, '38103', 'Gwdig', 99),
        (1406, '38109', 'Hwlffordd', 99),
        (1407, '3822', 'Calstock', 99),
        (1408, '38245', 'Cilgeti', 99),
        (1409, '38259', 'Trefyclo', 99),
        (1410, '38279', 'Llanbedr Pont Steffan', 99),
        (1411, '38309', 'Llanymddyfri', 99),
        (1412, '38316', 'Llandrindod', 99),
        (1413, '38468', 'Trefaldwyn', 99),
        (1414, '38488', 'Arberth', 99),
        (1415, '38516', 'Castell-Nedd', 99),
        (1416, '38555', 'Tredegyr Newydd', 99),
        (1417, '38580', 'Trefdraeth', 99),
        (1418, '38585', 'Casnewydd', 99),
        (1419, '38674', 'Croesoswallt', 99),
        (1420, '38774', 'Penfro', 99),
        (1421, '38798', 'Pont-Y-Clun', 99),
        (1422, '38855', 'Llanandras', 99),
        (1423, '38880', 'Rhaglan', 99),
        (1424, '38892', 'Rhaedr Gwy', 99),
        (1425, '18319', 'Newbridge', 99),
        (1426, '18332', 'Penicuik', 99),
        (1427, '18341', 'Roslin', 99),
        (1428, '18345', 'Elgin', 99),
        (1429, '18385', 'Forres', 99),
        (1430, '18405', 'Grantown-On-Spey', 99),
        (1431, '18414', 'Nairn', 99),
        (1432, '1844', 'Chalfont St. Giles', 99),
        (1433, '18443', 'Cromer', 99),
        (1434, '18451', 'Dereham', 99),
        (1435, '18539', 'Downham Market', 99),
        (1436, '18553', 'Fakenham', 99),
        (1437, '18590', 'Great Yarmouth', 99),
        (1438, '18629', 'Harleston', 99),
        (1439, '18642', 'Holt', 99),
        (1440, '18671', 'King''s Lynn', 99),
        (1441, '1874', 'High Wycombe', 99),
        (1442, '18803', 'North Walsham', 99),
        (1443, '19095', 'Sandringham', 99),
        (1444, '19096', 'Sheringham', 99),
        (1445, '1910', 'Iver', 99),
        (1446, '1914', 'Marlow', 99),
        (1447, '19163', 'Walsingham', 99),
        (1448, '19179', 'Wymondham', 99),
        (1449, '19214', 'Bridlington', 99),
        (1450, '1922', 'Milton Keynes', 99),
        (1451, '19242', 'Cottingham', 99),
        (1452, '19250', 'Driffield', 99),
        (1453, '19383', 'Hessle', 99),
        (1454, '19387', 'Hull', 99),
        (1455, '19470', 'North Ferriby', 99),
        (1456, '19480', 'Bedale', 99),
        (1457, '19512', 'Filey', 99),
        (1458, '19522', 'Harrogate', 99),
        (1459, '2', 'Aberdeen', 99),
        (1460, '20006', 'Settle', 99),
        (1461, '20090', 'Tadcaster', 99),
        (1462, '20112', 'Thirsk', 99),
        (1463, '202', 'Peterhead', 99),
        (1464, '2042', 'Newport Pagnell', 99),
        (1465, '15000', 'ECCLESHALL', 99),
        (1466, '100000', 'POLZEATH', 99),
        (1467, 'LOND10', 'WOOD GREEN', 99),
        (1468, '18311', 'Musselburgh', 99),
        (1469, '20557', 'Brackley', 99),
        (1470, '20582', 'Corby', 99),
        (1471, '20638', 'Kettering', 99),
        (1472, '2065', 'Berriedale', 99),
        (1473, '20680', 'Northampton', 99),
        (1474, '2069', 'Halkirk', 99),
        (1475, '2078', 'Lybster', 99),
        (1476, '20811', 'Rushden', 99),
        (1477, '20814', 'Towcester', 99),
        (1478, '20886', 'Alnwick', 99),
        (1479, '20932', 'Ashington', 99),
        (1480, '20938', 'Bedlington', 99),
        (1481, '20955', 'Berwick-Upon-Tweed', 99),
        (1482, '20976', 'Blyth', 99),
        (1483, '20994', 'Choppington', 99),
        (1484, '21001', 'Cornhill-On-Tweed', 99),
        (1485, '21007', 'Cramlington', 99),
        (1486, '21026', 'Hexham', 99),
        (1487, '21113', 'Morpeth', 99),
        (1488, '2113', 'Wick', 99),
        (1489, '21214', 'Prudhoe', 99),
        (1490, '21219', 'Riding Mill', 99),
        (1491, '21226', 'Stocksfield', 99),
        (1492, '21243', 'Wylam', 99),
        (1493, '21245', 'Mansfield', 99),
        (1494, '21373', 'Nottingham', 99),
        (1495, '21533', 'Retford', 99),
        (1496, '21592', 'Southwell', 99),
        (1497, '21610', 'Worksop', 99),
        (1498, '21652', 'Abingdon', 99),
        (1499, '21766', 'Bicester', 99),
        (1500, '21809', 'Didcot', 99),
        (1501, '21823', 'Faringdon', 99),
        (1502, '21893', 'Oxford', 99),
        (1503, '22146', 'Wallingford', 99),
        (1504, '22154', 'Wantage', 99),
        (1505, '22210', 'Innerleithen', 99),
        (1506, '22215', 'Peebles', 99),
        (1507, '22226', 'West Linton', 99),
        (1508, '22245', 'Auchterarder', 99),
        (1509, '22253', 'Blairgowrie', 99),
        (1510, '2228', 'Ely', 99),
        (1511, '22295', 'Crianlarich', 99),
        (1512, '22300', 'Crieff', 99),
        (1513, '22314', 'Dunblane', 99),
        (1514, '22328', 'Dunkeld', 99),
        (1515, '22343', 'Lochearnhead', 99),
        (1516, '22402', 'Pitlochry', 99),
        (1517, '22426', 'Rannoch Station', 99),
        (1518, '22515', 'Builth Wells', 99),
        (1519, '22555', 'Crickhowell', 99),
        (1520, '22575', 'Knighton', 99),
        (1521, '2260', 'Huntingdon', 99),
        (1522, '22609', 'Llandrindod Wells', 99),
        (1523, '22638', 'Llanfechain', 99),
        (1524, '22644', 'Llangammarch Wells', 99),
        (1525, '22663', 'Llansantffraid', 99),
        (1526, '22666', 'Llanwrtyd Wells', 99),
        (1527, '9767', 'ECCLES', 99),
        (1528, '12560', 'Havant', 99),
        (1529, '12566', 'Lee-On-The-Solent', 99),
        (1530, '12567', 'Liphook', 99),
        (1531, '12582', 'Lymington', 99),
        (1532, '126', 'Huntly', 99),
        (1533, '12605', 'New Milton', 99),
        (1534, '12638', 'Portsmouth', 99),
        (1535, '1270', 'Henlow', 99),
        (1536, '12700', 'Romsey', 99),
        (1537, '12724', 'Southampton', 99),
        (1538, '1274', 'Leighton Buzzard', 99),
        (1539, '12784', 'Stockbridge', 99),
        (1540, '12807', 'Whitchurch', 99),
        (1541, '12822', 'Winchester', 99),
        (1542, '12883', 'Hereford', 99),
        (1543, '1311', 'Luton', 99),
        (1544, '13112', 'Ledbury', 99),
        (1545, '13226', 'Ross-On-Wye', 99),
        (1546, '13297', 'Baldock', 99),
        (1547, '13323', 'Berkhamsted', 99),
        (1548, '13351', 'Borehamwood', 99),
        (1549, '13354', 'Broxbourne', 99),
        (1550, '13378', 'Harpenden', 99),
        (1551, '13383', 'Hatfield', 99),
        (1552, '13393', 'Hemel Hempstead', 99),
        (1553, '13443', 'Hitchin', 99),
        (1554, '13482', 'Kings Langley', 99),
        (1555, '13487', 'Knebworth', 99),
        (1556, '13494', 'Much Hadham', 99),
        (1557, '13505', 'Radlett', 99),
        (1558, '13507', 'Rickmansworth', 99),
        (1559, '13553', 'Sawbridgeworth', 99),
        (1560, '1357', 'Shefford', 99),
        (1561, '13578', 'Stevenage', 99),
        (1562, '13617', 'Waltham Cross', 99),
        (1563, '13620', 'Ware', 99),
        (1564, '13653', 'Watford', 99),
        (1565, '13672', 'Welwyn Garden City', 99),
        (1566, '13678', 'Arisaig', 99),
        (1567, '13683', 'Beauly', 99),
        (1568, '13700', 'Corrour', 99),
        (1569, '13702', 'Fort Augustus', 99),
        (1570, '13797', 'Lochailort', 99),
        (1571, '13806', 'Nethy Bridge', 99),
        (1572, '13811', 'Roy Bridge', 99),
        (1573, '13813', 'Spean Bridge', 99),
        (1574, '13825', 'Brodick', 99),
        (1575, '13844', 'Castlebay', 99),
        (1576, '13898', 'Rothesay', 99),
        (1577, '13907', 'Isle Of Coll', 99),
        (1578, '13910', 'Isle Of Colonsay', 99),
        (1579, '13917', 'Isle Of Eigg', 99),
        (1580, '13922', 'Harris', 99),
        (1581, '1396', 'Maidenhead', 99),
        (1582, '13984', 'Isle Of Iona', 99),
        (1583, '13987', 'Bowmore', 99),
        (1584, '13990', 'Bridgend', 99),
        (1585, '13994', 'Port Askaig', 99),
        (1586, '13998', 'Port Charlotte', 99),
        (1587, '14011', 'Portnahaven', 99),
        (1588, '14022', 'Isle Of Lewis', 99),
        (1589, '14183', 'Stornoway', 99),
        (1590, '14187', 'Isle Of Mull', 99),
        (1591, '14283', 'Kirkwall', 99),
        (1592, '14288', 'Orkney', 99),
        (1593, '14336', 'Isle Of Rhum', 99),
        (1594, '14348', 'Lerwick', 99),
        (1595, '14431', 'Ardvasar', 99),
        (1596, '14442', 'Broadford', 99),
        (1597, '14486', 'Isle Ornsay', 99),
        (1598, '14492', 'Kyleakin', 99),
        (1599, '14559', 'Sconser', 99),
        (1600, '14560', 'Struan', 99),
        (1601, '14568', 'Teangue', 99),
        (1602, '14632', 'Scarinish', 99),
        (1603, '14662', 'Bembridge', 99),
        (1604, '14667', 'East Cowes', 99),
        (1605, '14676', 'Newport', 99),
        (1606, '14704', 'Ryde', 99),
        (1607, '14734', 'Seaview', 99),
        (1608, '13699', 'Carr Bridge', 99),
        (1609, '14737', 'Shanklin', 99),
        (1610, '14742', 'Ventnor', 99),
        (1611, '14778', 'Bryher', 99),
        (1612, '14779', 'St Agnes', 99),
        (1613, '14787', 'Tresco', 99),
        (1614, '14789', 'Ashford', 99),
        (1615, '14844', 'Belvedere', 99),
        (1616, '14847', 'Bexleyheath', 99),
        (1617, '14849', 'Birchington', 99),
        (1618, '14859', 'Bromley', 99),
        (1619, '14952', 'Chatham', 99),
        (1620, '14956', 'Chislehurst', 99),
        (1621, '14979', 'Dartford', 99),
        (1622, '14997', 'Deal', 99),
        (1623, '15051', 'Edenbridge', 99),
        (1624, '15065', 'Faversham', 99),
        (1625, '1508', 'Reading', 99),
        (1626, '15108', 'Gillingham', 99),
        (1627, '15130', 'Greenhithe', 99),
        (1628, '15133', 'Herne Bay', 99),
        (1629, '15154', 'Keston', 99),
        (1630, '15157', 'Maidstone', 99),
        (1631, '15224', 'New Romney', 99),
        (1632, '15239', 'Queenborough', 99),
        (1633, '15241', 'Ramsgate', 99),
        (1634, '15278', 'Romney Marsh', 99),
        (1635, '15416', 'Tunbridge Wells', 99),
        (1636, '15433', 'Welling', 99),
        (1637, '15436', 'Westerham', 99),
        (1638, '15444', 'Whitstable', 99),
        (1639, '15452', 'Banchory', 99),
        (1640, '15481', 'Stonehaven', 99),
        (1641, '15509', 'Castle Douglas', 99),
        (1642, '15537', 'Dalbeattie', 99),
        (1643, '15555', 'Airdrie', 99),
        (1644, '15568', 'Biggar', 99),
        (1645, '15591', 'Carluke', 99),
        (1646, '15604', 'Glasgow', 99),
        (1647, '15690', 'Hamilton', 99),
        (1648, '15727', 'Larkhall', 99),
        (1649, '15741', 'Shotts', 99),
        (1650, '15746', 'Strathaven', 99),
        (1651, '15761', 'Accrington', 99),
        (1652, '15770', 'Ashton-Under-Lyne', 99),
        (1653, '15779', 'Blackburn', 99),
        (1654, '15815', 'Blackpool', 99),
        (1655, '15832', 'Bolton', 99),
        (1656, '15879', 'Bury', 99),
        (1657, '15950', 'Chorley', 99),
        (1658, '15972', 'Clitheroe', 99),
        (1659, '16006', 'Darwen', 99),
        (1660, '16015', 'Fleetwood', 99),
        (1661, '16019', 'Lancaster', 99),
        (1662, '16067', 'Leigh', 99),
        (1663, '16069', 'Littleborough', 99),
        (1664, '16079', 'Manchester', 99),
        (1665, '16189', 'Nelson', 99),
        (1666, '16198', 'Oldham', 99),
        (1667, '16239', 'Preston', 99),
        (1668, '1626', 'Windsor', 99),
        (1669, '1637', 'Wokingham', 99),
        (1670, '16398', 'Salford', 99),
        (1671, '16409', 'Skelmersdale', 99),
        (1672, '16420', 'Wigan', 99),
        (1673, '1645', 'Cockburnspath', 99),
        (1674, '16463', 'Hinckley', 99),
        (1675, '1648', 'Coldstream', 99),
        (1676, '1652', 'Duns', 99),
        (1677, '16639', 'Lutterworth', 99),
        (1678, '16718', 'Melton Mowbray', 99),
        (1679, '16777', 'Oakham', 99),
        (1680, '16832', 'Alford', 99),
        (1681, '16879', 'Boston', 99),
        (1682, '16936', 'Bourne', 99),
        (1683, '16960', 'Gainsborough', 99),
        (1684, '1698', 'Lauder', 99),
        (1685, '17015', 'Grantham', 99),
        (1686, '17105', 'Horncastle', 99),
        (1687, '1712', 'Aylesbury', 99),
        (1688, '17370', 'Louth', 99),
        (1689, '17448', 'Mablethorpe', 99),
        (1690, '17482', 'Skegness', 99),
        (1691, '17579', 'Spalding', 99),
        (1692, '17640', 'Spilsby', 99),
        (1693, '17714', 'Woodhall Spa', 99),
        (1694, '17739', 'Bootle', 99),
        (1695, '17743', 'Liverpool', 99),
        (1696, '17822', 'Prescot', 99),
        (1697, '17827', 'South Wirral', 99),
        (1698, '17851', 'St. Helens', 99),
        (1699, '18028', 'Ferndale', 99),
        (1700, '18047', 'Merthyr Tydfil', 99),
        (1701, '18094', 'Pentre', 99),
        (1702, '18098', 'Pontyclun', 99),
        (1703, '18151', 'Porth', 99),
        (1704, '18173', 'Tonypandy', 99),
        (1705, '18185', 'Treharris', 99),
        (1706, '18203', 'Ashford', 99),
        (1707, '18205', 'Edgware', 99),
        (1708, '18207', 'Enfield', 99),
        (1709, '18216', 'Greenford', 99),
        (1710, '18218', 'Hampton', 99),
        (1711, '18226', 'Hayes', 99),
        (1712, '18234', 'Isleworth', 99),
        (1713, '18236', 'Northolt', 99),
        (1714, '18239', 'Pinner', 99),
        (1715, '18243', 'Ruislip', 99),
        (1716, '18248', 'Southall', 99),
        (1717, '18253', 'Stanmore', 99),
        (1718, '18254', 'Sunbury-On-Thames', 99),
        (1719, '18256', 'Twickenham', 99),
        (1720, '18267', 'Wembley', 99),
        (1721, '18271', 'West Drayton', 99),
        (1722, '18278', 'Bonnyrigg', 99),
        (1723, '18281', 'Dalkeith', 99),
        (1724, '18292', 'Edinburgh', 99),
        (1725, '18303', 'Heriot', 99),
        (1726, '18304', 'Juniper Green', 99),
        (1727, '18307', 'Lasswade', 99),
        (1728, '40698', 'Newcastle-Under-Lyme', 99),
        (1729, '9978', 'SOUTHBANK', 99);

Insert into county_reference (county_id, nomis_code, nomis_description, display_sequence)
values
        (1, 'TORFAEN', 'Torfaen', 99),
        (2, 'W.ISLES', 'Western Isles', 99),
        (3, 'ANGLESEY', 'Isle of Anglesey', 99),
        (4, 'ARGYLL', 'Argyll and Bute', 99),
        (5, 'BANFFSHIRE', 'Banffshire', 99),
        (6, 'BENBECULA', 'Isle Of Benbecula', 99),
        (7, 'BERWICKSHIRE', 'Berwickshire', 99),
        (8, 'CAITHNESS', 'Caithness', 99),
        (9, 'CEREDIGION', 'Ceredigion', 99),
        (10, 'CLEVELAND', 'Cleveland', 99),
        (11, 'AVON', 'Avon', 99),
        (12, 'CARMARTHEN', 'Carmarthenshire', 99),
        (13, 'HIGHLAND', 'Highland', 99),
        (14, 'INVERCLYDE', 'Inverclyde', 99),
        (15, 'MONMOUTH', 'Monmouthshire', 99),
        (16, 'N.AYRSHIRE', 'North Ayrshire', 99),
        (17, 'CO.ANTRIM', 'County Antrim', 99),
        (18, 'CO.DOWN', 'County Down', 99),
        (19, 'CO.FERMANAGH', 'County Fermanagh', 99),
        (20, 'COLONSAY', 'Isle Of Colonsay', 99),
        (21, 'CUMBRAE', 'Isle Of Cumbrae', 99),
        (22, 'DEVON', 'Devon', 99),
        (23, 'DUMFRIES', 'Dumfries and Galloway', 99),
        (24, 'DYFED', 'Dyfed', 99),
        (25, 'E.SUSSEX', 'East Sussex', 99),
        (26, 'ESSEX', 'Essex', 99),
        (27, 'GIGHA', 'Isle Of Gigha', 99),
        (28, 'GWENT', 'Gwent', 99),
        (29, 'HANTS', 'Hampshire', 99),
        (30, 'HEREFORD', 'Herefordshire', 99),
        (31, 'I.O.W', 'Isle Of Wight', 99),
        (32, 'ISLAY', 'Isle Of Islay', 99),
        (33, 'ISLE_OF_COLL', 'Isle Of Coll', 99),
        (34, 'ISLE_OF_MAN', 'Isle Of Man', 99),
        (35, 'ISLE_OF_RUM', 'Isle Of Rum', 99),
        (36, 'ISLE_ORKNEY', 'Isle Of Orkney', 99),
        (37, 'KINCARDINE', 'Kincardineshire', 99),
        (38, 'KIRKCUDBRGHT', 'Kirkcudbrightshire', 99),
        (39, 'LANCS', 'Lancashire', 99),
        (40, 'LEWIS', 'Isle Of Lewis', 99),
        (41, 'MERSEYSIDE', 'Merseyside', 99),
        (42, 'MIDLOTHIAN', 'Midlothian', 99),
        (43, 'N.YORKSHIRE', 'North Yorkshire', 99),
        (44, 'NORFOLK', 'Norfolk', 99),
        (45, 'NORTHD', 'Northumberland', 99),
        (46, 'NORTH_UIST', 'Isle Of North Uist', 99),
        (47, 'ORKNEY', 'Orkney', 99),
        (48, 'PEEBLESSHIRE', 'Peeblesshire', 99),
        (49, 'RENFREWSHIRE', 'Renfrewshire', 99),
        (50, 'ROSS-SHIRE', 'Ross-Shire', 99),
        (51, 'RHONDDA', 'Rhondda Cynon Taff', 99),
        (52, 'RUTLAND', 'Rutland', 99),
        (53, 'BORDERS', 'Scottish Borders', 99),
        (54, 'S.HUMBERSIDE', 'South Humberside', 99),
        (55, 'S.AYRSHIRE', 'South Ayrshire', 99),
        (56, 'SCILLY_ISLES', 'Isles Of Scilly', 99),
        (57, 'SHETLAND', 'Isle Of Shetland', 99),
        (58, 'SHROPSHIRE', 'Shropshire', 99),
        (59, 'SLANARKSHIRE', 'South Lanarkshire', 99),
        (60, 'STAFFS', 'Staffordshire', 99),
        (61, 'SUFFOLK', 'Suffolk', 99),
        (62, 'TIREE', 'Isle Of Tiree', 99),
        (63, 'TYNE&WEAR', 'Tyne And Wear', 99),
        (64, 'W.MIDLANDS', 'West Midlands', 99),
        (65, 'W.YORKSHIRE', 'West Yorkshire', 99),
        (66, 'WIGTOWNSHIRE', 'Wigtownshire', 99),
        (67, 'WORCS', 'Worcestershire', 99),
        (68, 'INVERNESS', 'Inverness-Shire', 99),
        (69, 'ISLE_OF_BUTE', 'Isle Of Bute', 99),
        (70, 'ISLE_OF_EIGG', 'Isle Of Eigg', 99),
        (71, 'ISLE_OF_JURA', 'Isle Of Jura', 99),
        (72, 'ISLE_OF_MULL', 'Isle Of Mull', 99),
        (73, 'ISLE_OF_SKYE', 'Isle Of Skye', 99),
        (74, 'KENT', 'Kent', 99),
        (75, 'KINROSS', 'Kinross-Shire', 99),
        (76, 'LANARKSHIRE', 'North Lanarkshire', 99),
        (77, 'LEICS', 'Leicestershire', 99),
        (78, 'LINCS', 'Lincolnshire', 99),
        (79, 'LONDONDERRY', 'County Londonderry', 99),
        (80, 'M.GLAM', 'Mid Glamorgan', 99),
        (81, 'MIDDX', 'Middlesex', 99),
        (82, 'MORAYSHIRE', 'Moray', 99),
        (83, 'N.HUMBERSIDE', 'North Humberside', 99),
        (84, 'NAIRNSHIRE', 'Nairnshire', 99),
        (85, 'NORTHANTS', 'Northamptonshire', 99),
        (86, 'NOTTS', 'Nottinghamshire', 99),
        (87, 'OXON', 'Oxfordshire', 99),
        (88, 'PEMBROKE', 'Pembrokeshire', 99),
        (89, 'POWYS', 'Powys', 99),
        (90, 'RHUM', 'Isle Of Rhum', 99),
        (91, 'ROXBURGH', 'Roxburghshire', 99),
        (92, 'S.GLAMORGAN', 'South Glamorgan', 99),
        (93, 'S.YORKSHIRE', 'South Yorkshire', 99),
        (94, 'SELKIRKSHIRE', 'Selkirkshire', 99),
        (95, 'SHETLANDS', 'Shetland Islands', 99),
        (96, 'SOMERSET', 'Somerset', 99),
        (97, 'SOUTH_UIST', 'Isle Of South Uist', 99),
        (98, 'STIRLING', 'Stirlingshire', 99),
        (99, 'SURREY', 'Surrey', 99),
        (100, 'SUTHERLAND', 'Sutherland', 99),
        (101, 'W.GLAM', 'Vale of Glamorgan', 99),
        (102, 'W.SUSSEX', 'West Sussex', 99),
        (103, 'WARKS', 'Warwickshire', 99),
        (104, 'WEST_LOTHIAN', 'West Lothian', 99),
        (105, 'WILTSHIRE', 'Wiltshire', 99),
        (106, 'ABERDEEN', 'Aberdeenshire', 99),
        (107, 'ANGUS', 'Angus', 99),
        (108, 'ARRAN', 'Isle Of Arran', 99),
        (109, 'AYRSHIRE', 'East Ayrshire', 99),
        (110, 'BEDS', 'Bedfordshire', 99),
        (111, 'BERKS', 'Berkshire', 99),
        (112, 'BUCKS', 'Buckinghamshire', 99),
        (113, 'C.I.', 'Channel Isles', 99),
        (114, 'CANNA', 'Isle Of Canna', 99),
        (115, 'CHESHIRE', 'Cheshire', 99),
        (116, 'CLACKMANNAN', 'Clackmannanshire', 99),
        (117, 'CLWYD', 'Clwyd', 99),
        (118, 'CO.ARMAGH', 'County Armagh', 99),
        (119, 'CO.DURHAM', 'County Durham', 99),
        (120, 'CO.TYRONE', 'County Tyrone', 99),
        (121, 'CORNWALL', 'Cornwall', 99),
        (122, 'CUMBRIA', 'Cumbria', 99),
        (123, 'DERBYSHIRE', 'Derbyshire', 99),
        (124, 'DORSET', 'Dorset', 99),
        (125, 'DUNBARTON', 'East Dunbartonshire', 99),
        (126, 'EAST LOTHIAN', 'East Lothian', 99),
        (127, 'FIFE', 'Fife', 99),
        (128, 'FLINT', 'Flintshire', 99),
        (129, 'GLOS', 'Gloucestershire', 99),
        (130, 'GWYNEDD', 'Gwynedd', 99),
        (131, 'HARRIS', 'Isle Of Harris', 99),
        (132, 'HERTS', 'Hertfordshire', 99),
        (133, 'BARRA', 'Isle Of Barra', 99),
        (134, 'CAMBS', 'Cambridgeshire', 99),
        (135, 'LONDON', 'London', 99),
        (136, 'E.YORKSHIRE', 'East Riding of Yorkshire', 99),
        (137, 'MANCHESTER', 'Greater Manchester',99 ),
        (138, 'DENBIGH', 'Denbighshire', 99),
        (139, 'ISLE_OF_IONA', 'Isle Of Iona', 99),
        (140, 'PERTHSHIRE', 'Perth and Kinross', 99),
        (141, 'SCALPAY', 'Isle Of Scalpay', 99),
        (142, 'N.LINCS', 'North Lincolnshire', 99),
        (143, 'NE.LINCS', 'North East Lincolnshire', 99),
        (144, 'BRISTOL', 'Bristol', 99),
        (145, 'MIDDLESBOR', 'Middlesbrough', 99);
-- End